repository,resource,end_cursor,updated_at,payload,finished_at
MDEwOlJlcG9zaXRvcnk2Mjk2Nzkw,issues,Y3Vyc29yOnYyOpK5MjAyNC0wMy0yMlQxMTo1MDo1Ny0wNDowMM6CLPsi,2024-03-22 16:35:37.849000+00:00,,
MDEwOlJlcG9zaXRvcnk2Mjk2Nzkw,stargazers,Y3Vyc29yOnYyOpO5MjAyNC0wMy0yMVQxMToyMjowNS0wNDowMADOHQtTJQ==,2024-03-21 21:36:15.222000+00:00,,2024-03-21 21:36:15.222000+00:00
MDEwOlJlcG9zaXRvcnk2Mjk2Nzkw,pull_requests,Y3Vyc29yOnYyOpK5MjAyNC0wMy0yMVQxMDo0MzowOC0wNDowMM5qQHn-,2024-03-21 21:36:15.493000+00:00,,2024-03-21 21:36:15.493000+00:00
MDEwOlJlcG9zaXRvcnk2Mjk2Nzkw,watchers,Y3Vyc29yOjE2NDI4OTU2NQ==,2024-03-21 19:09:22.719000+00:00,,2024-03-21 19:09:22.719000+00:00
MDEwOlJlcG9zaXRvcnk2Mjk2Nzkw,tags,MzA3,2024-03-21 19:09:22.721000+00:00,,2024-03-21 19:09:22.721000+00:00
MDEwOlJlcG9zaXRvcnk2Mjk2Nzkw,releases,Y3Vyc29yOnYyOpK5MjAyNC0wMy0yMVQwNjowMDo0MC0wNDowMM4IzbAs,2024-03-21 19:09:22.725000+00:00,,2024-03-21 19:09:22.725000+00:00
MDEwOlJlcG9zaXRvcnk2Mjk2Nzkw,dependencies,MTU0,2024-03-21 19:09:22.727000+00:00,,2024-03-21 19:09:22.727000+00:00
