id,assignable_users,code_of_conduct,created_at,database_id,default_branch,delete_branch_on_merge,description,disk_usage,forks,funding_links,has_issues_enabled,has_projects_enabled,has_wiki_enabled,homepage_url,is_archived,is_blank_issues_enabled,is_disabled,is_empty,is_fork,is_in_organization,is_locked,is_mirror,is_private,is_security_policy_enabled,is_template,is_user_configuration_repository,issues,labels,languages,license_info,lock_reason,mentionable_users,merge_commit_allowed,milestones,mirror_url,name,name_with_owner,open_graph_image_url,owner,parent,primary_language,pushed_at,pull_requests,rebase_merge_allowed,releases,repository_topics,squash_merge_allowed,stargazers,tags,template_repository,updated_at,url,uses_custom_open_graph_image,vulnerability_alerts,watchers
MDEwOlJlcG9zaXRvcnk2Mjk2Nzkw,16,Contributor Covenant,2012-10-19 15:02:57+00:00,6296790,main,False,Spring Boot,170861,39879,,True,True,True,https://spring.io/projects/spring-boot,False,True,False,False,False,True,False,False,False,True,False,False,33462,49,"[{'language': 'Java', 'size': 25116008}
 {'language': 'Smarty', 'size': 2882} {'language': 'HTML', 'size': 58440}
 {'language': 'Groovy', 'size': 15015}
 {'language': 'Shell', 'size': 45849} {'language': 'Ruby', 'size': 8017}
 {'language': 'CSS', 'size': 117}
 {'language': 'JavaScript', 'size': 33592}
 {'language': 'Batchfile', 'size': 2145}
 {'language': 'Kotlin', 'size': 451737}
 {'language': 'Dockerfile', 'size': 2102}
 {'language': 'Vim Snippet', 'size': 135}
 {'language': 'Mustache', 'size': 449}]",Apache License 2.0,,1082,True,325,,spring-boot,spring-projects/spring-boot,https://opengraph.githubassets.com/0b8f937a80e35705668abc54c08f8c708f21620c0bfb76d3e3191013ec219377/spring-projects/spring-boot,MDEyOk9yZ2FuaXphdGlvbjMxNzc3Ng==,,Java,2024-03-22 17:02:41+00:00,6159,True,269,['java' 'spring-boot' 'spring' 'framework'],True,72261,308,,2024-03-22 19:52:19+00:00,https://github.com/spring-projects/spring-boot,False,0,3373
