id,repository,message,name,oid,tagger,target
MDM6VGFnNjI5Njc5MDoyYjQ5OWMxZjhiZDk3NzU1OWNiMTczYTQ3MmFjM2Y4NTBmZWUzM2Iy,MDEwOlJlcG9zaXRvcnk2Mjk2Nzkw,"Version 0.5.0.M1
",0.5.0.M1,2b499c1f8bd977559cb173a472ac3f850fee33b2,"{'date': '2013-08-06T09:21:39.000Z', 'email': 'pwebb@vmware.com', 'name': 'Phillip Webb', 'user': 'MDQ6VXNlcjUxOTc3Mg=='}",
commit_MDY6Q29tbWl0NjI5Njc5MDo3YTZkMjQ4M2E2Zjg2MWQ3NGFlNzQyYjNhZjMxNjY3ZDFkMzA3ZmQ0,MDEwOlJlcG9zaXRvcnk2Mjk2Nzkw,Widen net for errors in vcap initializer,v0.5.0.M2,7a6d2483a6f861d74ae742b3af31667d1d307fd4,"{'date': '2013-09-02T12:58:45.000Z', 'email': 'dsyer@gopivotal.com', 'name': 'Dave Syer', 'user': None}",7a6d2483a6f861d74ae742b3af31667d1d307fd4
MDM6VGFnNjI5Njc5MDo3NGYzYTgwNzg1MDgyYThhMTQ2NTc4MmM0NmEzMzhiNmVmZDZjYzUx,MDEwOlJlcG9zaXRvcnk2Mjk2Nzkw,Release version 0.5.0.M3,v0.5.0.M3,74f3a80785082a8a1465782c46a338b6efd6cc51,"{'date': '2013-09-06T06:20:01.000Z', 'email': 'buildmaster@springframework.org', 'name': 'Spring Buildmaster', 'user': 'MDQ6VXNlcjExMzQ0NjM='}",
MDM6VGFnNjI5Njc5MDphNGVjZjU2OWE5ZDNmYmI5NDBlNGEzNGMxOTcxOWM4MzRmOTAxZDBk,MDEwOlJlcG9zaXRvcnk2Mjk2Nzkw,Release version 0.5.0.M4,v0.5.0.M4,a4ecf569a9d3fbb940e4a34c19719c834f901d0d,"{'date': '2013-09-09T05:00:46.000Z', 'email': 'buildmaster@springframework.org', 'name': 'Spring Buildmaster', 'user': 'MDQ6VXNlcjExMzQ0NjM='}",
MDM6VGFnNjI5Njc5MDozYjcxZmQ4M2E4Nzg4ZmQyMTY0ZmM0ZDFkYmVhZDFiZTllZmJhZGUw,MDEwOlJlcG9zaXRvcnk2Mjk2Nzkw,Release version 0.5.0.M5,v0.5.0.M5,3b71fd83a8788fd2164fc4d1dbead1be9efbade0,"{'date': '2013-10-09T05:01:30.000Z', 'email': 'buildmaster@springframework.org', 'name': 'Spring Buildmaster', 'user': 'MDQ6VXNlcjExMzQ0NjM='}",
MDM6VGFnNjI5Njc5MDoxZGJlODMxYzQyYWE5YzA0ZTcyMGViMjYzNGQzNDU4NGY3OGNiZTYz,MDEwOlJlcG9zaXRvcnk2Mjk2Nzkw,Release version 0.5.0.M6,v0.5.0.M6,1dbe831c42aa9c04e720eb2634d34584f78cbe63,"{'date': '2013-11-09T18:41:52.000Z', 'email': 'buildmaster@springframework.org', 'name': 'Spring Buildmaster', 'user': 'MDQ6VXNlcjExMzQ0NjM='}",
MDM6VGFnNjI5Njc5MDoxN2Y0ZmEwYzQwNGQ5N2Q1ZTNiYjM4NjUxZWJmZTk5ODEyMGE4YzQ3,MDEwOlJlcG9zaXRvcnk2Mjk2Nzkw,Release version 0.5.0.M7,v0.5.0.M7,17f4fa0c404d97d5e3bb38651ebfe998120a8c47,"{'date': '2013-12-19T08:46:29.000Z', 'email': 'buildmaster@springframework.org', 'name': 'Spring Buildmaster', 'user': 'MDQ6VXNlcjExMzQ0NjM='}",
MDM6VGFnNjI5Njc5MDo0NmIyM2RkZGFkZTA4MjEyMGRjMDhmNDczMjhjNDA5MGJkMGJlYjIw,MDEwOlJlcG9zaXRvcnk2Mjk2Nzkw,Release version 1.0.0.RC1,v1.0.0.RC1,46b23dddade082120dc08f47328c4090bd0beb20,"{'date': '2014-01-22T07:11:29.000Z', 'email': 'buildmaster@springframework.org', 'name': 'Spring Buildmaster', 'user': 'MDQ6VXNlcjExMzQ0NjM='}",
MDM6VGFnNjI5Njc5MDpiM2ZmZDM5MDI1ZmY5OGRjZDRmNDI0NThkZjQ0YTMwMzc4NjIyNjcx,MDEwOlJlcG9zaXRvcnk2Mjk2Nzkw,Release version 1.0.0.RC2,v1.0.0.RC2,b3ffd39025ff98dcd4f42458df44a30378622671,"{'date': '2014-02-13T02:26:30.000Z', 'email': 'buildmaster@springframework.org', 'name': 'Spring Buildmaster', 'user': 'MDQ6VXNlcjExMzQ0NjM='}",
MDM6VGFnNjI5Njc5MDo3NTYwN2YzODRkNDhhMmU3NGM5ZmZkMjQ3MGY5MmRkYTlhM2YxN2Ji,MDEwOlJlcG9zaXRvcnk2Mjk2Nzkw,Release version 1.0.0.RC3,v1.0.0.RC3,75607f384d48a2e74c9ffd2470f92dda9a3f17bb,"{'date': '2014-02-13T21:19:01.000Z', 'email': 'buildmaster@springframework.org', 'name': 'Spring Buildmaster', 'user': 'MDQ6VXNlcjExMzQ0NjM='}",
MDM6VGFnNjI5Njc5MDo1MjIxZmI4NTU0MjI4ODc0MTcyY2ZlMDM0NjY2MGUxYzYwZmQ3ZjRi,MDEwOlJlcG9zaXRvcnk2Mjk2Nzkw,Release version 1.0.0.RC4,v1.0.0.RC4,5221fb8554228874172cfe0346660e1c60fd7f4b,"{'date': '2014-03-04T06:46:07.000Z', 'email': 'buildmaster@springframework.org', 'name': 'Spring Buildmaster', 'user': 'MDQ6VXNlcjExMzQ0NjM='}",
MDM6VGFnNjI5Njc5MDowOTYwN2MxYWQxMmFhYzVlYTE4MjYwYzNlZjQ2MjIwMzEzODk2N2U4,MDEwOlJlcG9zaXRvcnk2Mjk2Nzkw,Release version 1.0.0.RC5,v1.0.0.RC5,09607c1ad12aac5ea18260c3ef462203138967e8,"{'date': '2014-03-21T19:36:10.000Z', 'email': 'buildmaster@springframework.org', 'name': 'Spring Buildmaster', 'user': 'MDQ6VXNlcjExMzQ0NjM='}",
MDM6VGFnNjI5Njc5MDpkOGFjYWY1NmJjYWJiYzdmYmZlZWM1MGVkMmU0YzNjY2UzNmY4Y2My,MDEwOlJlcG9zaXRvcnk2Mjk2Nzkw,Release version 1.0.0,v1.0.0.RELEASE,d8acaf56bcabbc7fbfeec50ed2e4c3cce36f8cc2,"{'date': '2014-04-01T10:05:45.000Z', 'email': 'buildmaster@springframework.org', 'name': 'Spring Buildmaster', 'user': 'MDQ6VXNlcjExMzQ0NjM='}",
MDM6VGFnNjI5Njc5MDo1OGRlZTI0ZWFiMTE3Y2ExMjkzNzg3M2ZjMjBmNGZjNDA1NmNhNzlk,MDEwOlJlcG9zaXRvcnk2Mjk2Nzkw,Release version 1.0.1,v1.0.1.RELEASE,58dee24eab117ca12937873fc20f4fc4056ca79d,"{'date': '2014-04-07T05:43:12.000Z', 'email': 'buildmaster@springframework.org', 'name': 'Spring Buildmaster', 'user': 'MDQ6VXNlcjExMzQ0NjM='}",
MDM6VGFnNjI5Njc5MDo1MWY2ZjM1ZTlhODA4MjAzYjJjZWYxMDg3MjY1MmIxZWNhMTJkYTQy,MDEwOlJlcG9zaXRvcnk2Mjk2Nzkw,Release version 1.0.2,v1.0.2.RELEASE,51f6f35e9a808203b2cef10872652b1eca12da42,"{'date': '2014-04-24T09:24:22.000Z', 'email': 'buildmaster@springframework.org', 'name': 'Spring Buildmaster', 'user': 'MDQ6VXNlcjExMzQ0NjM='}",
MDM6VGFnNjI5Njc5MDpiMTM2NmVkMDg0YTQ2NTc0NzVmY2I3OTcyNDY1MGYwNjRiMDkxMWE4,MDEwOlJlcG9zaXRvcnk2Mjk2Nzkw,Release version 1.1.0.M1,v1.1.0.M1,b1366ed084a4657475fcb79724650f064b0911a8,"{'date': '2014-05-12T22:28:21.000Z', 'email': 'buildmaster@springframework.org', 'name': 'Spring Buildmaster', 'user': 'MDQ6VXNlcjExMzQ0NjM='}",
MDM6VGFnNjI5Njc5MDpjOWVhNTg3OTI3ZmU0MzJmYTM3ZmE2MWIzNjI3OTRlMDE2Mjk5ZmUy,MDEwOlJlcG9zaXRvcnk2Mjk2Nzkw,Release version 1.1.0.M2,v1.1.0.M2,c9ea587927fe432fa37fa61b362794e016299fe2,"{'date': '2014-05-27T01:23:40.000Z', 'email': 'buildmaster@springframework.org', 'name': 'Spring Buildmaster', 'user': 'MDQ6VXNlcjExMzQ0NjM='}",
MDM6VGFnNjI5Njc5MDo5ODA2N2FjNDI2NWU2MzllNmFiYTUyMmYxOTkzYmM4ZDQ0Y2QxMGY2,MDEwOlJlcG9zaXRvcnk2Mjk2Nzkw,Release version 1.1.0.RC1,v1.1.0.RC1,98067ac4265e639e6aba522f1993bc8d44cd10f6,"{'date': '2014-06-02T07:18:49.000Z', 'email': 'buildmaster@springframework.org', 'name': 'Spring Buildmaster', 'user': 'MDQ6VXNlcjExMzQ0NjM='}",
MDM6VGFnNjI5Njc5MDpkZWY2YjU1YmFlMjRiMDA3NDZkYzZlMTVjZmE4ODQxYzEzMzk3Njcy,MDEwOlJlcG9zaXRvcnk2Mjk2Nzkw,Release version 1.1.0,v1.1.0.RELEASE,def6b55bae24b00746dc6e15cfa8841c13397672,"{'date': '2014-06-10T19:40:29.000Z', 'email': 'buildmaster@springframework.org', 'name': 'Spring Buildmaster', 'user': 'MDQ6VXNlcjExMzQ0NjM='}",
MDM6VGFnNjI5Njc5MDo2ODc2YjRhM2M0NWQ4MDEyNjEwYWE4NWE5NmRhNDcyYjc3Y2FiNjEw,MDEwOlJlcG9zaXRvcnk2Mjk2Nzkw,Release version 1.1.1,v1.1.1.RELEASE,6876b4a3c45d8012610aa85a96da472b77cab610,"{'date': '2014-06-11T17:46:20.000Z', 'email': 'buildmaster@springframework.org', 'name': 'Spring Buildmaster', 'user': 'MDQ6VXNlcjExMzQ0NjM='}",
MDM6VGFnNjI5Njc5MDo2MGVjNjQyZjdlYTYyYzY5Mjg2ZTg2MDdiYjNjMTk1MTc0NzczYTc4,MDEwOlJlcG9zaXRvcnk2Mjk2Nzkw,Release version 1.1.2,v1.1.2.RELEASE,60ec642f7ea62c69286e8607bb3c195174773a78,"{'date': '2014-06-24T20:53:49.000Z', 'email': 'buildmaster@springframework.org', 'name': 'Spring Buildmaster', 'user': 'MDQ6VXNlcjExMzQ0NjM='}",
MDM6VGFnNjI5Njc5MDo3Yjc1N2JmMzc3YWM2YjUxZTJkZDg4ZTc5MmQ0Y2U0M2U5YTQ3YjI5,MDEwOlJlcG9zaXRvcnk2Mjk2Nzkw,Release version 1.1.3,v1.1.3.RELEASE,7b757bf377ac6b51e2dd88e792d4ce43e9a47b29,"{'date': '2014-06-26T21:09:49.000Z', 'email': 'buildmaster@springframework.org', 'name': 'Spring Buildmaster', 'user': 'MDQ6VXNlcjExMzQ0NjM='}",
MDM6VGFnNjI5Njc5MDpkY2NkMmJiYmY5YzAyODY3ZTg5MmM0MTI2NzQzNTRiYzE1OTMxMjIz,MDEwOlJlcG9zaXRvcnk2Mjk2Nzkw,Release version 1.1.4,v1.1.4.RELEASE,dccd2bbbf9c02867e892c412674354bc15931223,"{'date': '2014-07-08T09:33:30.000Z', 'email': 'buildmaster@springframework.org', 'name': 'Spring Buildmaster', 'user': 'MDQ6VXNlcjExMzQ0NjM='}",
MDM6VGFnNjI5Njc5MDo5M2E4ZDZkNmE1OWIyYmU2NTQ4ZmRkN2NhM2ZjOWJjYmU1MTNlZGYy,MDEwOlJlcG9zaXRvcnk2Mjk2Nzkw,Release version 1.1.5,v1.1.5.RELEASE,93a8d6d6a59b2be6548fdd7ca3fc9bcbe513edf2,"{'date': '2014-08-07T18:59:10.000Z', 'email': 'buildmaster@springframework.org', 'name': 'Spring Buildmaster', 'user': 'MDQ6VXNlcjExMzQ0NjM='}",
MDM6VGFnNjI5Njc5MDplMDAwNmY1OTNiOWJlYWQxNDUyZThmZWQzMTAxY2M1OTRlMTIyY2Jh,MDEwOlJlcG9zaXRvcnk2Mjk2Nzkw,Release version 1.1.6,v1.1.6.RELEASE,e0006f593b9bead1452e8fed3101cc594e122cba,"{'date': '2014-09-04T19:15:11.000Z', 'email': 'buildmaster@springframework.org', 'name': 'Spring Buildmaster', 'user': 'MDQ6VXNlcjExMzQ0NjM='}",
MDM6VGFnNjI5Njc5MDo1YmE1N2VjNjVjMzY2YTNmYjNhNTQ2MTlmOWE5ZDY2NzIzMTliYzRm,MDEwOlJlcG9zaXRvcnk2Mjk2Nzkw,Release version 1.1.7,v1.1.7.RELEASE,5ba57ec65c366a3fb3a54619f9a9d6672319bc4f,"{'date': '2014-09-26T04:02:22.000Z', 'email': 'buildmaster@springframework.org', 'name': 'Spring Buildmaster', 'user': 'MDQ6VXNlcjExMzQ0NjM='}",
MDM6VGFnNjI5Njc5MDpiNDU2OGRiZTMwYmNjODU5MmIwMGNlMWJiNTNhZWFmYmI2MWJlMmQ1,MDEwOlJlcG9zaXRvcnk2Mjk2Nzkw,Release version 1.1.8,v1.1.8.RELEASE,b4568dbe30bcc8592b00ce1bb53aeafbb61be2d5,"{'date': '2014-10-10T22:19:35.000Z', 'email': 'buildmaster@springframework.org', 'name': 'Spring Buildmaster', 'user': 'MDQ6VXNlcjExMzQ0NjM='}",
MDM6VGFnNjI5Njc5MDpmY2YxOGU3NTY5NDRkY2FhYjUwNTczMjcwZGRlZjgxNzEyM2JlOTVi,MDEwOlJlcG9zaXRvcnk2Mjk2Nzkw,Release version 1.1.9,v1.1.9.RELEASE,fcf18e756944dcaab50573270ddef817123be95b,"{'date': '2014-11-12T01:11:50.000Z', 'email': 'buildmaster@springframework.org', 'name': 'Spring Buildmaster', 'user': 'MDQ6VXNlcjExMzQ0NjM='}",
MDM6VGFnNjI5Njc5MDoxZGMzNDE0NDUzMjEyNjMyNzljZmE5N2IzNGY0NTJjNmJlNjM0NDk5,MDEwOlJlcG9zaXRvcnk2Mjk2Nzkw,Release version 1.1.10,v1.1.10.RELEASE,1dc341445321263279cfa97b34f452c6be634499,"{'date': '2014-12-11T02:06:17.000Z', 'email': 'buildmaster@springframework.org', 'name': 'Spring Buildmaster', 'user': 'MDQ6VXNlcjExMzQ0NjM='}",
MDM6VGFnNjI5Njc5MDozOGQyYzg0NjgyYmFmNzk4NjdkYmU2OWNhNTYwYzhlMmMwMzA2NGFm,MDEwOlJlcG9zaXRvcnk2Mjk2Nzkw,Release version 1.1.11,v1.1.11.RELEASE,38d2c84682baf79867dbe69ca560c8e2c03064af,"{'date': '2015-02-26T21:01:18.000Z', 'email': 'buildmaster@springframework.org', 'name': 'Spring Buildmaster', 'user': 'MDQ6VXNlcjExMzQ0NjM='}",
MDM6VGFnNjI5Njc5MDo5Mzc3NzUwOGE0YThhYjE3ZDJjNTE2Y2ZlNTY2ZjYyMzI5M2Y1Yzky,MDEwOlJlcG9zaXRvcnk2Mjk2Nzkw,Release version 1.1.12,v1.1.12.RELEASE,93777508a4a8ab17d2c516cfe566f623293f5c92,"{'date': '2015-03-31T01:23:02.000Z', 'email': 'buildmaster@springframework.org', 'name': 'Spring Buildmaster', 'user': 'MDQ6VXNlcjExMzQ0NjM='}",
MDM6VGFnNjI5Njc5MDozOWJkMjY0NWM4NGVmY2ZkZGJmYjg2OGZhMzMwYjdhOTY5MTA0MGZl,MDEwOlJlcG9zaXRvcnk2Mjk2Nzkw,Release version 1.2.0.M1,v1.2.0.M1,39bd2645c84efcfddbfb868fa330b7a9691040fe,"{'date': '2014-09-05T01:41:12.000Z', 'email': 'buildmaster@springframework.org', 'name': 'Spring Buildmaster', 'user': 'MDQ6VXNlcjExMzQ0NjM='}",
MDM6VGFnNjI5Njc5MDphMmQyYzM2Y2YzOTU3ODEwNzdmNDAyY2NiOWRiMGVlMDhlOWI3MWYw,MDEwOlJlcG9zaXRvcnk2Mjk2Nzkw,Release version 1.2.0.M2,v1.2.0.M2,a2d2c36cf395781077f402ccb9db0ee08e9b71f0,"{'date': '2014-10-11T01:59:57.000Z', 'email': 'buildmaster@springframework.org', 'name': 'Spring Buildmaster', 'user': 'MDQ6VXNlcjExMzQ0NjM='}",
MDM6VGFnNjI5Njc5MDpiM2I2ZWUxZGY1MTc5ZDI1YWU4YWZlMzc5OTg0ODlmZDc1OGZjYmU0,MDEwOlJlcG9zaXRvcnk2Mjk2Nzkw,Release version 1.2.0.RC1,v1.2.0.RC1,b3b6ee1df5179d25ae8afe37998489fd758fcbe4,"{'date': '2014-11-12T03:36:28.000Z', 'email': 'buildmaster@springframework.org', 'name': 'Spring Buildmaster', 'user': 'MDQ6VXNlcjExMzQ0NjM='}",
MDM6VGFnNjI5Njc5MDpjOWZjZThjYTUwNWMwNDk3MWQyYzY0MjNlNDU3M2Q0NGM2YmNhZDY0,MDEwOlJlcG9zaXRvcnk2Mjk2Nzkw,Release version 1.2.0.RC2,v1.2.0.RC2,c9fce8ca505c04971d2c6423e4573d44c6bcad64,"{'date': '2014-11-21T02:45:25.000Z', 'email': 'buildmaster@springframework.org', 'name': 'Spring Buildmaster', 'user': 'MDQ6VXNlcjExMzQ0NjM='}",
MDM6VGFnNjI5Njc5MDo4YTNlNWJkODEzYTRlNGIzODdkNDIxYTEzOWYxYTFlOGFkOTBiODhl,MDEwOlJlcG9zaXRvcnk2Mjk2Nzkw,Release version 1.2.0,v1.2.0.RELEASE,8a3e5bd813a4e4b387d421a139f1a1e8ad90b88e,"{'date': '2014-12-11T00:35:35.000Z', 'email': 'buildmaster@springframework.org', 'name': 'Spring Buildmaster', 'user': 'MDQ6VXNlcjExMzQ0NjM='}",
MDM6VGFnNjI5Njc5MDo4MzEyMGQ5NmM4ZDUwYzlkY2MyNzljYThjMTM3ZGJlMGQ3MjQxMmI3,MDEwOlJlcG9zaXRvcnk2Mjk2Nzkw,Release version 1.2.1,v1.2.1.RELEASE,83120d96c8d50c9dcc279ca8c137dbe0d72412b7,"{'date': '2015-01-08T07:36:41.000Z', 'email': 'buildmaster@springframework.org', 'name': 'Spring Buildmaster', 'user': 'MDQ6VXNlcjExMzQ0NjM='}",
MDM6VGFnNjI5Njc5MDpmNjkzMDI1ZTZjNTdjM2FlNjMzYzgxOWIwYTVjZGIzNTZjNjFiNDk4,MDEwOlJlcG9zaXRvcnk2Mjk2Nzkw,Release version 1.2.2,v1.2.2.RELEASE,f693025e6c57c3ae633c819b0a5cdb356c61b498,"{'date': '2015-02-26T23:26:38.000Z', 'email': 'buildmaster@springframework.org', 'name': 'Spring Buildmaster', 'user': 'MDQ6VXNlcjExMzQ0NjM='}",
MDM6VGFnNjI5Njc5MDpmZTA5YmNhMDFiOTA3OTljZWI5ZmZkN2M4ZGQ4YzUxYmEwZjBhNTFj,MDEwOlJlcG9zaXRvcnk2Mjk2Nzkw,Release version 1.2.3,v1.2.3.RELEASE,fe09bca01b90799ceb9ffd7c8dd8c51ba0f0a51c,"{'date': '2015-03-31T05:56:04.000Z', 'email': 'buildmaster@springframework.org', 'name': 'Spring Buildmaster', 'user': 'MDQ6VXNlcjExMzQ0NjM='}",
MDM6VGFnNjI5Njc5MDpiOGZjMjI0MmUzMzJhN2I2MjkxODM3NTAwMDRmZThhZmE5Y2ZlNmZi,MDEwOlJlcG9zaXRvcnk2Mjk2Nzkw,Release version 1.2.4.RELEASE,v1.2.4.RELEASE,b8fc2242e332a7b629183750004fe8afa9cfe6fb,"{'date': '2015-06-04T07:49:06.000Z', 'email': 'buildmaster@springframework.org', 'name': 'Spring Buildmaster', 'user': 'MDQ6VXNlcjExMzQ0NjM='}",
MDM6VGFnNjI5Njc5MDpkN2M4MGVkZTQzYTUzZTAwODUwOTQ4NDM4MjI2NDQ3Yzg0Y2EzNDRh,MDEwOlJlcG9zaXRvcnk2Mjk2Nzkw,Release version 1.2.5,v1.2.5.RELEASE,d7c80ede43a53e00850948438226447c84ca344a,"{'date': '2015-07-02T05:47:54.000Z', 'email': 'buildmaster@springframework.org', 'name': 'Spring Buildmaster', 'user': 'MDQ6VXNlcjExMzQ0NjM='}",
MDM6VGFnNjI5Njc5MDo2M2FmODZhMzc4NjRlZDU0MDNiYzEyOTkxNDk4MWI1MGU4ZTJkNmJl,MDEwOlJlcG9zaXRvcnk2Mjk2Nzkw,Release version 1.2.6,v1.2.6.RELEASE,63af86a37864ed5403bc129914981b50e8e2d6be,"{'date': '2015-09-16T16:00:11.000Z', 'email': 'buildmaster@springframework.org', 'name': 'Spring Buildmaster', 'user': 'MDQ6VXNlcjExMzQ0NjM='}",
MDM6VGFnNjI5Njc5MDowOGU2ZDM3MzNjNDMzZmVmM2Q0ZjEzM2UwYzM2NWY1MDJjMDk5Yzkx,MDEwOlJlcG9zaXRvcnk2Mjk2Nzkw,Release version 1.2.7.RELEASE,v1.2.7.RELEASE,08e6d3733c433fef3d4f133e0c365f502c099c91,"{'date': '2015-10-16T12:57:16.000Z', 'email': 'buildmaster@springframework.org', 'name': 'Spring Buildmaster', 'user': 'MDQ6VXNlcjExMzQ0NjM='}",
MDM6VGFnNjI5Njc5MDpkYTE4OWRiY2NhYzZkMjkzOGRjMDNkMjA4MWI4YjQyZjAyN2Q2YmIz,MDEwOlJlcG9zaXRvcnk2Mjk2Nzkw,Release version 1.2.8.RELEASE,v1.2.8.RELEASE,da189dbccac6d2938dc03d2081b8b42f027d6bb3,"{'date': '2015-12-17T13:00:14.000Z', 'email': 'buildmaster@springframework.org', 'name': 'Spring Buildmaster', 'user': 'MDQ6VXNlcjExMzQ0NjM='}",
MDM6VGFnNjI5Njc5MDo3N2RiNTY4MDNjMDNlNDE3NTg5Y2I2MTY2MzgyNjk4YWYzNTZiYjUz,MDEwOlJlcG9zaXRvcnk2Mjk2Nzkw,Release version 1.3.0.M1,v1.3.0.M1,77db56803c03e417589cb6166382698af356bb53,"{'date': '2015-06-12T06:18:54.000Z', 'email': 'buildmaster@springframework.org', 'name': 'Spring Buildmaster', 'user': 'MDQ6VXNlcjExMzQ0NjM='}",
MDM6VGFnNjI5Njc5MDphYzFhZTQ3YjE5NmUzNWRlMTk2MDdjNzcyNzI1ODJkYjAwNDE3YmJi,MDEwOlJlcG9zaXRvcnk2Mjk2Nzkw,Release version 1.3.0.M2,v1.3.0.M2,ac1ae47b196e35de19607c77272582db00417bbb,"{'date': '2015-07-10T00:30:43.000Z', 'email': 'buildmaster@springframework.org', 'name': 'Spring Buildmaster', 'user': 'MDQ6VXNlcjExMzQ0NjM='}",
MDM6VGFnNjI5Njc5MDpkZTRkN2VjZjFlZmMyYzU2MzVjZGYyOGNiMGNjNThhYmMyZDY4MzZh,MDEwOlJlcG9zaXRvcnk2Mjk2Nzkw,Release version 1.3.0.M3,v1.3.0.M3,de4d7ecf1efc2c5635cdf28cb0cc58abc2d6836a,"{'date': '2015-08-11T09:17:17.000Z', 'email': 'buildmaster@springframework.org', 'name': 'Spring Buildmaster', 'user': 'MDQ6VXNlcjExMzQ0NjM='}",
MDM6VGFnNjI5Njc5MDo4NTJhZGU3ZWNkNjQ3YWEwZDRmMTk4MGVkYmViOGFhZTJlZTlhNzBm,MDEwOlJlcG9zaXRvcnk2Mjk2Nzkw,Release version 1.3.0.M4,v1.3.0.M4,852ade7ecd647aa0d4f1980edbeb8aae2ee9a70f,"{'date': '2015-08-18T07:46:35.000Z', 'email': 'buildmaster@springframework.org', 'name': 'Spring Buildmaster', 'user': 'MDQ6VXNlcjExMzQ0NjM='}",
MDM6VGFnNjI5Njc5MDozMDMxODRlMTQ2YzE5NWRhMjNmYjEyM2FlNzQwZjFiMDhkZTk0NjBh,MDEwOlJlcG9zaXRvcnk2Mjk2Nzkw,Release version 1.3.0.M5,v1.3.0.M5,303184e146c195da23fb123ae740f1b08de9460a,"{'date': '2015-09-03T23:52:15.000Z', 'email': 'buildmaster@springframework.org', 'name': 'Spring Buildmaster', 'user': 'MDQ6VXNlcjExMzQ0NjM='}",
MDM6VGFnNjI5Njc5MDoxYTIwNDgzMGFhNWE3ZGY3M2RjZGVhMmIxZWRhZDlhYzIzMWI0ZTdi,MDEwOlJlcG9zaXRvcnk2Mjk2Nzkw,Release version 1.3.0.RC1,v1.3.0.RC1,1a204830aa5a7df73dcdea2b1edad9ac231b4e7b,"{'date': '2015-10-21T02:54:56.000Z', 'email': 'buildmaster@springframework.org', 'name': 'Spring Buildmaster', 'user': 'MDQ6VXNlcjExMzQ0NjM='}",
MDM6VGFnNjI5Njc5MDo3MmU5NzFkMzg2OWFkMjAzNjE2MzBhNmMwYWQwMjg1ZDJkYTBhZDky,MDEwOlJlcG9zaXRvcnk2Mjk2Nzkw,Release version 1.3.0.RELEASE,v1.3.0.RELEASE,72e971d3869ad20361630a6c0ad0285d2da0ad92,"{'date': '2015-11-16T11:18:34.000Z', 'email': 'buildmaster@springframework.org', 'name': 'Spring Buildmaster', 'user': 'MDQ6VXNlcjExMzQ0NjM='}",
MDM6VGFnNjI5Njc5MDoyNDAwMGZhYzVjNTM0ZDY2N2U2YTdlMDc5YmU5NDdjNDFkNTcyOWNi,MDEwOlJlcG9zaXRvcnk2Mjk2Nzkw,Release version 1.3.1.RELEASE,v1.3.1.RELEASE,24000fac5c534d667e6a7e079be947c41d5729cb,"{'date': '2015-12-18T13:42:52.000Z', 'email': 'buildmaster@springframework.org', 'name': 'Spring Buildmaster', 'user': 'MDQ6VXNlcjExMzQ0NjM='}",
MDM6VGFnNjI5Njc5MDpiYTUyY2IzMDA1OTZmOTA2OGVmOWE2NzNjMGNlNjg1ODQzYTQ4Zjg4,MDEwOlJlcG9zaXRvcnk2Mjk2Nzkw,Release version 1.3.2,v1.3.2.RELEASE,ba52cb300596f9068ef9a673c0ce685843a48f88,"{'date': '2016-01-22T02:41:24.000Z', 'email': 'buildmaster@springframework.org', 'name': 'Spring Buildmaster', 'user': 'MDQ6VXNlcjExMzQ0NjM='}",
MDM6VGFnNjI5Njc5MDo3MGE5NzQwN2EzYWUwOGVhZDA4MTY3NTdiMDFmMmY4MmFmMDJhZDg1,MDEwOlJlcG9zaXRvcnk2Mjk2Nzkw,Release version 1.3.3.RELEASE,v1.3.3.RELEASE,70a97407a3ae08ead0816757b01f2f82af02ad85,"{'date': '2016-02-26T09:06:10.000Z', 'email': 'buildmaster@springframework.org', 'name': 'Spring Buildmaster', 'user': 'MDQ6VXNlcjExMzQ0NjM='}",
MDM6VGFnNjI5Njc5MDpjODM0ODI2N2VlYmEyM2NhYzRmOGM4NjZiMTMwMzEyOTlmYzJlMTc4,MDEwOlJlcG9zaXRvcnk2Mjk2Nzkw,Release version 1.3.4.RELEASE,v1.3.4.RELEASE,c8348267eeba23cac4f8c866b13031299fc2e178,"{'date': '2016-05-06T11:23:50.000Z', 'email': 'buildmaster@springframework.org', 'name': 'Spring Buildmaster', 'user': 'MDQ6VXNlcjExMzQ0NjM='}",
MDM6VGFnNjI5Njc5MDplZjU5OGU1ZWVjZDhlY2E1MTRlNTllZmQ1ZmFjODJjOWZlYjYyYWYx,MDEwOlJlcG9zaXRvcnk2Mjk2Nzkw,Release version 1.3.5.RELEASE,v1.3.5.RELEASE,ef598e5eecd8eca514e59efd5fac82c9feb62af1,"{'date': '2016-05-10T05:28:23.000Z', 'email': 'buildmaster@springframework.org', 'name': 'Spring Buildmaster', 'user': 'MDQ6VXNlcjExMzQ0NjM='}",
MDM6VGFnNjI5Njc5MDo0M2FlMWE4YmM3YTU0Y2MxZDZhNmU5NGY1YTRkZjc3OWViY2QwZDFm,MDEwOlJlcG9zaXRvcnk2Mjk2Nzkw,Release version 1.3.6.RELEASE,v1.3.6.RELEASE,43ae1a8bc7a54cc1d6a6e94f5a4df779ebcd0d1f,"{'date': '2016-07-04T14:14:50.000Z', 'email': 'buildmaster@springframework.org', 'name': 'Spring Buildmaster', 'user': 'MDQ6VXNlcjExMzQ0NjM='}",
MDM6VGFnNjI5Njc5MDoyOTBiMGY1M2U4ZWU3NmFiY2I2YTZkNTBiYjlhNTJmZjE0MTYzOWRi,MDEwOlJlcG9zaXRvcnk2Mjk2Nzkw,Release version 1.3.7.RELEASE,v1.3.7.RELEASE,290b0f53e8ee76abcb6a6d50bb9a52ff141639db,"{'date': '2016-07-28T09:18:23.000Z', 'email': 'buildmaster@springframework.org', 'name': 'Spring Buildmaster', 'user': 'MDQ6VXNlcjExMzQ0NjM='}",
MDM6VGFnNjI5Njc5MDpkNjI1OGMxMzI0ZmVlNTVlM2Q1MDc5OWU3Mjk0YzkxYjQ2NmQwODZl,MDEwOlJlcG9zaXRvcnk2Mjk2Nzkw,Release version 1.3.8.RELEASE,v1.3.8.RELEASE,d6258c1324fee55e3d50799e7294c91b466d086e,"{'date': '2016-09-20T20:19:59.000Z', 'email': 'buildmaster@springframework.org', 'name': 'Spring Buildmaster', 'user': 'MDQ6VXNlcjExMzQ0NjM='}",
MDM6VGFnNjI5Njc5MDozNmVjOTA0ZGM2MDhmZWNlMzU1Nzk4N2YwZWM0ZjNhYWM5ODg1N2Jk,MDEwOlJlcG9zaXRvcnk2Mjk2Nzkw,Release version 1.4.0.M1,v1.4.0.M1,36ec904dc608fece3557987f0ec4f3aac98857bd,"{'date': '2016-02-26T12:54:28.000Z', 'email': 'buildmaster@springframework.org', 'name': 'Spring Buildmaster', 'user': 'MDQ6VXNlcjExMzQ0NjM='}",
MDM6VGFnNjI5Njc5MDo2MjBkNzRkYjllOTMwOGU5MjBmZmMyNzg0OTAwZjlhNTk0YmE4OTJm,MDEwOlJlcG9zaXRvcnk2Mjk2Nzkw,Release version 1.4.0.M2,v1.4.0.M2,620d74db9e9308e920ffc2784900f9a594ba892f,"{'date': '2016-04-13T08:27:56.000Z', 'email': 'buildmaster@springframework.org', 'name': 'Spring Buildmaster', 'user': 'MDQ6VXNlcjExMzQ0NjM='}",
MDM6VGFnNjI5Njc5MDo1MjljYWE4OTg4NDA0MDJiOTE5NDk4OGNiODRkOWUwY2JjOWM1YWI3,MDEwOlJlcG9zaXRvcnk2Mjk2Nzkw,Release version 1.4.0.M3,v1.4.0.M3,529caa898840402b9194988cb84d9e0cbc9c5ab7,"{'date': '2016-05-17T15:12:18.000Z', 'email': 'buildmaster@springframework.org', 'name': 'Spring Buildmaster', 'user': 'MDQ6VXNlcjExMzQ0NjM='}",
MDM6VGFnNjI5Njc5MDpjNDQ2ZWZhNDk0NzI1YmE1MTlmZDczZWRjNjZlOTUxZmEwYzkxZTQ0,MDEwOlJlcG9zaXRvcnk2Mjk2Nzkw,Release version 1.4.0.RC1,v1.4.0.RC1,c446efa494725ba519fd73edc66e951fa0c91e44,"{'date': '2016-07-05T11:11:24.000Z', 'email': 'buildmaster@springframework.org', 'name': 'Spring Buildmaster', 'user': 'MDQ6VXNlcjExMzQ0NjM='}",
MDM6VGFnNjI5Njc5MDoxNTQxOTU4NjEwODljOTE1NjM2MjFkNzEyNzQ1NmE2NWFjNWZiNmQ5,MDEwOlJlcG9zaXRvcnk2Mjk2Nzkw,Release version 1.4.0,v1.4.0.RELEASE,154195861089c91563621d7127456a65ac5fb6d9,"{'date': '2016-07-28T19:53:52.000Z', 'email': 'buildmaster@springframework.org', 'name': 'Spring Buildmaster', 'user': 'MDQ6VXNlcjExMzQ0NjM='}",
MDM6VGFnNjI5Njc5MDo2NDY4ZTRkYTVkY2UzNDI0ZThkNGNlODNjNmI0NDBlODg3ODllZTkw,MDEwOlJlcG9zaXRvcnk2Mjk2Nzkw,Release version 1.4.1.RELEASE,v1.4.1.RELEASE,6468e4da5dce3424e8d4ce83c6b440e88789ee90,"{'date': '2016-09-21T07:58:00.000Z', 'email': 'buildmaster@springframework.org', 'name': 'Spring Buildmaster', 'user': 'MDQ6VXNlcjExMzQ0NjM='}",
MDM6VGFnNjI5Njc5MDoxMThhMmJmNzE3NzUxNzViMDFkOGI0OTBmZDIxZDg3ZDlkZDkwOGM1,MDEwOlJlcG9zaXRvcnk2Mjk2Nzkw,Release version 1.4.2.RELEASE,v1.4.2.RELEASE,118a2bf71775175b01d8b490fd21d87d9dd908c5,"{'date': '2016-11-08T16:55:31.000Z', 'email': 'buildmaster@springframework.org', 'name': 'Spring Buildmaster', 'user': 'MDQ6VXNlcjExMzQ0NjM='}",
MDM6VGFnNjI5Njc5MDozZDNlMzk5YzcwOGRjNTA1NTg5YWM3YWJhYmZjNWUzNjBlNjZkM2Qz,MDEwOlJlcG9zaXRvcnk2Mjk2Nzkw,Release version 1.4.3.RELEASE,v1.4.3.RELEASE,3d3e399c708dc505589ac7ababfc5e360e66d3d3,"{'date': '2016-12-23T00:15:14.000Z', 'email': 'buildmaster@springframework.org', 'name': 'Spring Buildmaster', 'user': 'MDQ6VXNlcjExMzQ0NjM='}",
MDM6VGFnNjI5Njc5MDpiNGRjZjc5ZWVlYWRmYmMxZDNjZTM5Mzg0M2M4ZDIzZWI2NDNjYmVl,MDEwOlJlcG9zaXRvcnk2Mjk2Nzkw,Release version 1.4.4.RELEASE,v1.4.4.RELEASE,b4dcf79eeeadfbc1d3ce393843c8d23eb643cbee,"{'date': '2017-01-26T14:20:29.000Z', 'email': 'buildmaster@springframework.org', 'name': 'Spring Buildmaster', 'user': 'MDQ6VXNlcjExMzQ0NjM='}",
MDM6VGFnNjI5Njc5MDoyNjY4YWRiNTYyMjhjYjZiMzg2ZjhmMTQ3NTQxZGI3OTNhMmE3NDE4,MDEwOlJlcG9zaXRvcnk2Mjk2Nzkw,Release version 1.4.5.RELEASE,v1.4.5.RELEASE,2668adb56228cb6b386f8f147541db793a2a7418,"{'date': '2017-03-03T14:39:14.000Z', 'email': 'buildmaster@springframework.org', 'name': 'Spring Buildmaster', 'user': 'MDQ6VXNlcjExMzQ0NjM='}",
MDM6VGFnNjI5Njc5MDphYWEzYTIzMjUzMGFmNTczYWE1YWFkMzRmNjdjODJiOWNiZTJjOWFi,MDEwOlJlcG9zaXRvcnk2Mjk2Nzkw,Release version 1.4.6.RELEASE,v1.4.6.RELEASE,aaa3a232530af573aa5aad34f67c82b9cbe2c9ab,"{'date': '2017-04-20T12:46:09.000Z', 'email': 'buildmaster@springframework.org', 'name': 'Spring Buildmaster', 'user': 'MDQ6VXNlcjExMzQ0NjM='}",
MDM6VGFnNjI5Njc5MDpmNmIxZmViYjNlZDNkNzRmODk1ZDIwNmI4M2U5YWU5ODZiMTc1Y2Y4,MDEwOlJlcG9zaXRvcnk2Mjk2Nzkw,Release version 1.4.7.RELEASE,v1.4.7.RELEASE,f6b1febb3ed3d74f895d206b83e9ae986b175cf8,"{'date': '2017-06-08T09:52:27.000Z', 'email': 'buildmaster@springframework.org', 'name': 'Spring Buildmaster', 'user': 'MDQ6VXNlcjExMzQ0NjM='}",
MDM6VGFnNjI5Njc5MDo3OTE1MzVmMTU2ZmNkYmZiOTdkNzZhZjYzMTk3MmQyNGEzNzQxYmQ0,MDEwOlJlcG9zaXRvcnk2Mjk2Nzkw,Release version 1.5.0.RC1,v1.5.0.RC1,791535f156fcdbfb97d76af631972d24a3741bd4,"{'date': '2017-01-06T16:51:08.000Z', 'email': 'buildmaster@springframework.org', 'name': 'Spring Buildmaster', 'user': 'MDQ6VXNlcjExMzQ0NjM='}",
MDM6VGFnNjI5Njc5MDpiMmZlMTg5MmEzMjVkZDJkNTFiYjFmNTM4ZmUwMGZjMWJmOGE1OGU3,MDEwOlJlcG9zaXRvcnk2Mjk2Nzkw,Release version 1.5.0.RELEASE,v1.5.0.RELEASE,b2fe1892a325dd2d51bb1f538fe00fc1bf8a58e7,"{'date': '2017-01-30T11:40:15.000Z', 'email': 'buildmaster@springframework.org', 'name': 'Spring Buildmaster', 'user': 'MDQ6VXNlcjExMzQ0NjM='}",
MDM6VGFnNjI5Njc5MDo1ZjcyYjcxN2NjODEwMTI4NDcxZGY1NzdjNWViZTBlMDhiMjZjN2I0,MDEwOlJlcG9zaXRvcnk2Mjk2Nzkw,Release version 1.5.1.RELEASE,v1.5.1.RELEASE,5f72b717cc810128471df577c5ebe0e08b26c7b4,"{'date': '2017-01-30T20:10:05.000Z', 'email': 'buildmaster@springframework.org', 'name': 'Spring Buildmaster', 'user': 'MDQ6VXNlcjExMzQ0NjM='}",
MDM6VGFnNjI5Njc5MDo2NjE3ODExYTBlYjU0YmRjMTU4ZmFlZGY4ZWM4YTM3ZjBjNTE2YzJm,MDEwOlJlcG9zaXRvcnk2Mjk2Nzkw,Release version 1.5.2.RELEASE,v1.5.2.RELEASE,6617811a0eb54bdc158faedf8ec8a37f0c516c2f,"{'date': '2017-03-03T16:18:18.000Z', 'email': 'buildmaster@springframework.org', 'name': 'Spring Buildmaster', 'user': 'MDQ6VXNlcjExMzQ0NjM='}",
MDM6VGFnNjI5Njc5MDozZGVjMmU3YzViOGIwODQxMDc0YWZjNmVjMWExMmU1MzIxOWEyZTJk,MDEwOlJlcG9zaXRvcnk2Mjk2Nzkw,Release version 1.5.3.RELEASE,v1.5.3.RELEASE,3dec2e7c5b8b0841074afc6ec1a12e53219a2e2d,"{'date': '2017-04-21T08:31:50.000Z', 'email': 'buildmaster@springframework.org', 'name': 'Spring Buildmaster', 'user': 'MDQ6VXNlcjExMzQ0NjM='}",
MDM6VGFnNjI5Njc5MDo1NTUwYmIwZGVmNTgxYmQ5MmY1YzY3ODcwNTQ5YjJlMzc2OGUyMjk0,MDEwOlJlcG9zaXRvcnk2Mjk2Nzkw,Release version 1.5.4.RELEASE,v1.5.4.RELEASE,5550bb0def581bd92f5c67870549b2e3768e2294,"{'date': '2017-06-08T12:47:05.000Z', 'email': 'buildmaster@springframework.org', 'name': 'Spring Buildmaster', 'user': 'MDQ6VXNlcjExMzQ0NjM='}",
MDM6VGFnNjI5Njc5MDo3MjBiYzQ5YWI0MmY1ZDA5ZGU5MjczNzgxYmUzMzQ1NTcwYWNiZGVj,MDEwOlJlcG9zaXRvcnk2Mjk2Nzkw,Release version 1.5.5.RELEASE,v1.5.5.RELEASE,720bc49ab42f5d09de9273781be3345570acbdec,"{'date': '2017-07-26T08:30:28.000Z', 'email': 'buildmaster@springframework.org', 'name': 'Spring Buildmaster', 'user': 'MDQ6VXNlcjExMzQ0NjM='}",
MDM6VGFnNjI5Njc5MDo4YjkwNWJiMTI5OGI1YThiYTNjMzY0ODc5M2ExMGI1NzdkNDU4YTc1,MDEwOlJlcG9zaXRvcnk2Mjk2Nzkw,Release version 1.5.6.RELEASE,v1.5.6.RELEASE,8b905bb1298b5a8ba3c3648793a10b577d458a75,"{'date': '2017-07-27T07:59:53.000Z', 'email': 'buildmaster@springframework.org', 'name': 'Spring Buildmaster', 'user': 'MDQ6VXNlcjExMzQ0NjM='}",
MDM6VGFnNjI5Njc5MDowMjcwZDRkNzQ3Mzg0OGVlZDNlZmZkY2YwNjgxODg1MTljYjBjNzMy,MDEwOlJlcG9zaXRvcnk2Mjk2Nzkw,Release version 1.5.7.RELEASE,v1.5.7.RELEASE,0270d4d7473848eed3effdcf068188519cb0c732,"{'date': '2017-09-12T10:53:41.000Z', 'email': 'buildmaster@springframework.org', 'name': 'Spring Buildmaster', 'user': 'MDQ6VXNlcjExMzQ0NjM='}",
MDM6VGFnNjI5Njc5MDplOTM4YjdiMzYzMzA4ZjdjYjFkMjY3ZGViY2Q3Mzc5YjQ4OGU1ZWM2,MDEwOlJlcG9zaXRvcnk2Mjk2Nzkw,Release version 1.5.8.RELEASE,v1.5.8.RELEASE,e938b7b363308f7cb1d267debcd7379b488e5ec6,"{'date': '2017-10-16T12:36:22.000Z', 'email': 'buildmaster@springframework.org', 'name': 'Spring Buildmaster', 'user': 'MDQ6VXNlcjExMzQ0NjM='}",
MDM6VGFnNjI5Njc5MDpmNjZhYmI2YmQ5ZDhmMGY5YjVhZmVmNjQ1NmM3ZDUyZjc5NDkyNzcx,MDEwOlJlcG9zaXRvcnk2Mjk2Nzkw,Release version 1.5.9.RELEASE,v1.5.9.RELEASE,f66abb6bd9d8f0f9b5afef6456c7d52f79492771,"{'date': '2017-11-28T09:55:35.000Z', 'email': 'buildmaster@springframework.org', 'name': 'Spring Buildmaster', 'user': 'MDQ6VXNlcjExMzQ0NjM='}",
MDM6VGFnNjI5Njc5MDo4YzRlM2JjMmVmYzI0NTJmZTdhMzBlYWQwOTkwMmM1OTQ3YTgzNDI5,MDEwOlJlcG9zaXRvcnk2Mjk2Nzkw,Release version 1.5.10,v1.5.10.RELEASE,8c4e3bc2efc2452fe7a30ead09902c5947a83429,"{'date': '2018-01-30T23:29:22.000Z', 'email': 'buildmaster@springframework.org', 'name': 'Spring Buildmaster', 'user': 'MDQ6VXNlcjExMzQ0NjM='}",
MDM6VGFnNjI5Njc5MDpjYTkwNjA5YjcyY2M0MzExZjcyNWEwNjk0YzNlMGMxNmU2M2RlOGEy,MDEwOlJlcG9zaXRvcnk2Mjk2Nzkw,Release version 1.5.11.RELEASE,v1.5.11.RELEASE,ca90609b72cc4311f725a0694c3e0c16e63de8a2,"{'date': '2018-04-05T09:01:38.000Z', 'email': 'buildmaster@springframework.org', 'name': 'Spring Buildmaster', 'user': 'MDQ6VXNlcjExMzQ0NjM='}",
MDM6VGFnNjI5Njc5MDo5NTM5OGYxODU5MGYyMTk4OTllYTdjODg2NmI2Zjc2OTQxYmJlNGY5,MDEwOlJlcG9zaXRvcnk2Mjk2Nzkw,Release version 1.5.12.RELEASE,v1.5.12.RELEASE,95398f18590f219899ea7c8866b6f76941bbe4f9,"{'date': '2018-04-09T23:14:20.000Z', 'email': 'buildmaster@springframework.org', 'name': 'Spring Buildmaster', 'user': 'MDQ6VXNlcjExMzQ0NjM='}",
MDM6VGFnNjI5Njc5MDo4ZTgyMTVlNWY1MDMwNzk4NDY4NDY4NjgzNDJlNmI5NzQ2MjVlNjJl,MDEwOlJlcG9zaXRvcnk2Mjk2Nzkw,Release version 1.5.13.RELEASE,v1.5.13.RELEASE,8e8215e5f503079846846868342e6b974625e62e,"{'date': '2018-05-09T09:31:33.000Z', 'email': 'buildmaster@springframework.org', 'name': 'Spring Buildmaster', 'user': 'MDQ6VXNlcjExMzQ0NjM='}",
MDM6VGFnNjI5Njc5MDoyZGMxMDczODRjYTAxZDkyYmExNjVjMDYwMTliN2Q3NDBlYzc3NDM4,MDEwOlJlcG9zaXRvcnk2Mjk2Nzkw,Release version 1.5.14.RELEASE,v1.5.14.RELEASE,2dc107384ca01d92ba165c06019b7d740ec77438,"{'date': '2018-06-14T10:05:15.000Z', 'email': 'buildmaster@springframework.org', 'name': 'Spring Buildmaster', 'user': 'MDQ6VXNlcjExMzQ0NjM='}",
MDM6VGFnNjI5Njc5MDo3MTkzYWZjNGYxNWM4NzE4MDVjYzNkZDFjNjYyYzhlMmU4NDhkZTEw,MDEwOlJlcG9zaXRvcnk2Mjk2Nzkw,Release version 1.5.15.RELEASE,v1.5.15.RELEASE,7193afc4f15c871805cc3dd1c662c8e2e848de10,"{'date': '2018-07-30T13:37:12.000Z', 'email': 'buildmaster@springframework.org', 'name': 'Spring Buildmaster', 'user': 'MDQ6VXNlcjExMzQ0NjM='}",
MDM6VGFnNjI5Njc5MDo4ZmRhOGZlNjZmOTQwNjRhNmVjOGQ2NDFlNDMxNWNkNWU5NDcxZTM0,MDEwOlJlcG9zaXRvcnk2Mjk2Nzkw,Release version 1.5.16.RELEASE,v1.5.16.RELEASE,8fda8fe66f94064a6ec8d641e4315cd5e9471e34,"{'date': '2018-09-11T14:24:26.000Z', 'email': 'buildmaster@springframework.org', 'name': 'Spring Buildmaster', 'user': 'MDQ6VXNlcjExMzQ0NjM='}",
MDM6VGFnNjI5Njc5MDoyMDU3YWM0MzQ5YTFkMzU3MWViZmRjNTU3NjM0ZGMwOWRiZTEzNDdj,MDEwOlJlcG9zaXRvcnk2Mjk2Nzkw,Release version 1.5.17.RELEASE,v1.5.17.RELEASE,2057ac4349a1d3571ebfdc557634dc09dbe1347c,"{'date': '2018-10-16T08:44:32.000Z', 'email': 'buildmaster@springframework.org', 'name': 'Spring Buildmaster', 'user': 'MDQ6VXNlcjExMzQ0NjM='}",
MDM6VGFnNjI5Njc5MDowMjU2Mjg1Njc4MGFmNmM3NTM2NzMzMDc2MGI4NTMwNmM4OTM3ZGQy,MDEwOlJlcG9zaXRvcnk2Mjk2Nzkw,Release version 1.5.18.RELEASE,v1.5.18.RELEASE,02562856780af6c75367330760b85306c8937dd2,"{'date': '2018-11-29T09:52:31.000Z', 'email': 'buildmaster@springframework.org', 'name': 'Spring Buildmaster', 'user': 'MDQ6VXNlcjExMzQ0NjM='}",
MDM6VGFnNjI5Njc5MDpiODg1NGY0Y2M5NTMxOGJmNGJjNjY4MDFlNzYwNGVhMTRmYjA5Y2Ux,MDEwOlJlcG9zaXRvcnk2Mjk2Nzkw,Release version 1.5.19.RELEASE,v1.5.19.RELEASE,b8854f4cc95318bf4bc66801e7604ea14fb09ce1,"{'date': '2019-01-11T15:58:52.000Z', 'email': 'buildmaster@springframework.org', 'name': 'Spring Buildmaster', 'user': 'MDQ6VXNlcjExMzQ0NjM='}",
MDM6VGFnNjI5Njc5MDowNmFmNzQ2YzZjZDQ1ZDE2YzBkYTU2OWJjNTcyNGNmNjc5ZWRmNjI2,MDEwOlJlcG9zaXRvcnk2Mjk2Nzkw,Release version 1.5.20.RELEASE,v1.5.20.RELEASE,06af746c6cd45d16c0da569bc5724cf679edf626,"{'date': '2019-04-03T10:34:36.000Z', 'email': 'buildmaster@springframework.org', 'name': 'Spring Buildmaster', 'user': 'MDQ6VXNlcjExMzQ0NjM='}",
MDM6VGFnNjI5Njc5MDoxOTBjYTA0MDEzZTBlNjM4Mzc0MmUzODhjYzg1ZmEzNDkyNWZmOGVi,MDEwOlJlcG9zaXRvcnk2Mjk2Nzkw,Release version 1.5.21.RELEASE,v1.5.21.RELEASE,190ca04013e0e6383742e388cc85fa34925ff8eb,"{'date': '2019-05-14T08:20:52.000Z', 'email': 'buildmaster@springframework.org', 'name': 'Spring Buildmaster', 'user': 'MDQ6VXNlcjExMzQ0NjM='}",
MDM6VGFnNjI5Njc5MDpiZGQ4YmU1Mzg4ZmVjOWUwMWI0Y2YyOWYzNjg2NzgwMjc1NGQyNTNh,MDEwOlJlcG9zaXRvcnk2Mjk2Nzkw,Release version 1.5.22.RELEASE,v1.5.22.RELEASE,bdd8be5388fec9e01b4cf29f36867802754d253a,"{'date': '2019-08-06T06:37:56.000Z', 'email': 'buildmaster@springframework.org', 'name': 'Spring Buildmaster', 'user': 'MDQ6VXNlcjExMzQ0NjM='}",
MDM6VGFnNjI5Njc5MDo3YTQ0ODZmZTA0YWM3ZDQxZDAyNmNkY2U2YTI5NWU5MmIyMGExMDc3,MDEwOlJlcG9zaXRvcnk2Mjk2Nzkw,Release version 2.0.0.M1,v2.0.0.M1,7a4486fe04ac7d41d026cdce6a295e92b20a1077,"{'date': '2017-05-16T10:07:33.000Z', 'email': 'buildmaster@springframework.org', 'name': 'Spring Buildmaster', 'user': 'MDQ6VXNlcjExMzQ0NjM='}",
MDM6VGFnNjI5Njc5MDpmNjM2MTNiZjFkMmRjYzQ3MTg1MWI3NWFhMzc1OTI2ZWQ4NzU3ZTEx,MDEwOlJlcG9zaXRvcnk2Mjk2Nzkw,Release version 2.0.0.M2,v2.0.0.M2,f63613bf1d2dcc471851b75aa375926ed8757e11,"{'date': '2017-06-16T10:27:49.000Z', 'email': 'buildmaster@springframework.org', 'name': 'Spring Buildmaster', 'user': 'MDQ6VXNlcjExMzQ0NjM='}",
MDM6VGFnNjI5Njc5MDo4MDEwYTQxZjIxMGVhN2ZiMmYyYmFkOTM4NjNmYWRjODJmZTA4YmYz,MDEwOlJlcG9zaXRvcnk2Mjk2Nzkw,Release version 2.0.0.M3,v2.0.0.M3,8010a41f210ea7fb2f2bad93863fadc82fe08bf3,"{'date': '2017-07-26T18:24:55.000Z', 'email': 'buildmaster@springframework.org', 'name': 'Spring Buildmaster', 'user': 'MDQ6VXNlcjExMzQ0NjM='}",
MDM6VGFnNjI5Njc5MDphNTY2NTBjN2MyNDY5NmRkMDIzNzFjZGU5NWE2YTUxZTNiZjI3N2I5,MDEwOlJlcG9zaXRvcnk2Mjk2Nzkw,Release version 2.0.0.M4,v2.0.0.M4,a56650c7c24696dd02371cde95a6a51e3bf277b9,"{'date': '2017-09-15T07:18:47.000Z', 'email': 'buildmaster@springframework.org', 'name': 'Spring Buildmaster', 'user': 'MDQ6VXNlcjExMzQ0NjM='}",
MDM6VGFnNjI5Njc5MDpjZjJlNTA5MGRmMmY1ZTBkOTYzODE3YWNiY2U1ZjM1ZTY5ODRjOTg5,MDEwOlJlcG9zaXRvcnk2Mjk2Nzkw,"Release v2.0.0.M5
",v2.0.0.M5,cf2e5090df2f5e0d963817acbce5f35e6984c989,"{'date': '2017-10-11T22:23:46.000Z', 'email': 'buildmaster@springframework.org', 'name': 'Spring Buildmaster', 'user': 'MDQ6VXNlcjExMzQ0NjM='}",
MDM6VGFnNjI5Njc5MDo2YTE0MzA2YzhkNWJkNzEyOTM0NzBiMzg1ODZhODRjOGI4NDE4ODcz,MDEwOlJlcG9zaXRvcnk2Mjk2Nzkw,"Release v2.0.0.M6
",v2.0.0.M6,6a14306c8d5bd71293470b38586a84c8b8418873,"{'date': '2017-11-06T05:54:20.000Z', 'email': 'buildmaster@springframework.org', 'name': 'Spring Buildmaster', 'user': 'MDQ6VXNlcjExMzQ0NjM='}",
MDM6VGFnNjI5Njc5MDpjYThjNzA0OTAxZDMyMzhjNzBlMzQwNTQwYTk3MmZhM2FhZDE1YmMw,MDEwOlJlcG9zaXRvcnk2Mjk2Nzkw,"Release v2.0.0.M7
",v2.0.0.M7,ca8c704901d3238c70e340540a972fa3aad15bc0,"{'date': '2017-11-30T04:41:09.000Z', 'email': 'buildmaster@springframework.org', 'name': 'Spring Buildmaster', 'user': 'MDQ6VXNlcjExMzQ0NjM='}",
MDM6VGFnNjI5Njc5MDo0NGZhZWZkYWFhYjFkNDBlZjgzMDcwN2M1OGEwZGNlMWJhMjg4MWM2,MDEwOlJlcG9zaXRvcnk2Mjk2Nzkw,"Release v2.0.0.RC1
",v2.0.0.RC1,44faefdaaab1d40ef830707c58a0dce1ba2881c6,"{'date': '2018-01-31T05:47:02.000Z', 'email': 'buildmaster@springframework.org', 'name': 'Spring Buildmaster', 'user': 'MDQ6VXNlcjExMzQ0NjM='}",
MDM6VGFnNjI5Njc5MDoxZGU0ZTE3Y2JjMDZmYTI4YmQ5Yzk0ZDllNDZlZGFjODU2NmI0MjI2,MDEwOlJlcG9zaXRvcnk2Mjk2Nzkw,"Release v2.0.0.RC2
",v2.0.0.RC2,1de4e17cbc06fa28bd9c94d9e46edac8566b4226,"{'date': '2018-02-21T12:28:45.000Z', 'email': 'buildmaster@springframework.org', 'name': 'Spring Buildmaster', 'user': 'MDQ6VXNlcjExMzQ0NjM='}",
MDM6VGFnNjI5Njc5MDozNDc5NWExZTRkYjk3OTFiYzRmYTNmZjg5MWFiYjhlODIzMjExMGE4,MDEwOlJlcG9zaXRvcnk2Mjk2Nzkw,"Release v2.0.0.RELEASE
",v2.0.0.RELEASE,34795a1e4db9791bc4fa3ff891abb8e8232110a8,"{'date': '2018-03-01T04:42:15.000Z', 'email': 'buildmaster@springframework.org', 'name': 'Spring Buildmaster', 'user': 'MDQ6VXNlcjExMzQ0NjM='}",
MDM6VGFnNjI5Njc5MDpkYzkxYjJjMWYzM2I1MWVkNDA3YTI4YzZmNjZkNmY5ZDZkZDJiMGU5,MDEwOlJlcG9zaXRvcnk2Mjk2Nzkw,"Release v2.0.1.RELEASE
",v2.0.1.RELEASE,dc91b2c1f33b51ed407a28c6f66d6f9d6dd2b0e9,"{'date': '2018-04-05T11:32:25.000Z', 'email': 'buildmaster@springframework.org', 'name': 'Spring Buildmaster', 'user': 'MDQ6VXNlcjExMzQ0NjM='}",
MDM6VGFnNjI5Njc5MDphOWY5MGVmMjhmM2FkMTk1YTgxNDBmMWNhOTI3OGIyNjg5NzhmY2Uy,MDEwOlJlcG9zaXRvcnk2Mjk2Nzkw,"Release v2.0.2.RELEASE
",v2.0.2.RELEASE,a9f90ef28f3ad195a8140f1ca9278b268978fce2,"{'date': '2018-05-09T13:15:09.000Z', 'email': 'buildmaster@springframework.org', 'name': 'Spring Buildmaster', 'user': 'MDQ6VXNlcjExMzQ0NjM='}",
MDM6VGFnNjI5Njc5MDphMGIzODRiZDFhMWE4OWVjNjAzOGRkZWQ2ZWNjMjYyYTYzYTExNDMx,MDEwOlJlcG9zaXRvcnk2Mjk2Nzkw,"Release v2.0.3.RELEASE
",v2.0.3.RELEASE,a0b384bd1a1a89ec6038dded6ecc262a63a11431,"{'date': '2018-06-14T11:28:24.000Z', 'email': 'buildmaster@springframework.org', 'name': 'Spring Buildmaster', 'user': 'MDQ6VXNlcjExMzQ0NjM='}",
MDM6VGFnNjI5Njc5MDpmMThlZGQ4ZGFkYjk0NjBhOTk4NGZhZTQ2NGQ1ZTc5ZDUyYmE2Yjc2,MDEwOlJlcG9zaXRvcnk2Mjk2Nzkw,"Release v2.0.4.RELEASE
",v2.0.4.RELEASE,f18edd8dadb9460a9984fae464d5e79d52ba6b76,"{'date': '2018-07-30T13:55:59.000Z', 'email': 'buildmaster@springframework.org', 'name': 'Spring Buildmaster', 'user': 'MDQ6VXNlcjExMzQ0NjM='}",
MDM6VGFnNjI5Njc5MDpiY2Y3YzQ5MTJlZWRhYjRlYmVjM2Y5MDhiMWM2YWU1OTUxYjZmMWVl,MDEwOlJlcG9zaXRvcnk2Mjk2Nzkw,"Release v2.0.5.RELEASE
",v2.0.5.RELEASE,bcf7c4912eedab4ebec3f908b1c6ae5951b6f1ee,"{'date': '2018-09-12T08:28:53.000Z', 'email': 'buildmaster@springframework.org', 'name': 'Spring Buildmaster', 'user': 'MDQ6VXNlcjExMzQ0NjM='}",
MDM6VGFnNjI5Njc5MDoyNWMyZTU0OTM5MDcwMjU2ODU0ZTQ0MDBkZjE2ZjdiMDVlOTkxNjRi,MDEwOlJlcG9zaXRvcnk2Mjk2Nzkw,"Release v2.0.6.RELEASE
",v2.0.6.RELEASE,25c2e54939070256854e4400df16f7b05e99164b,"{'date': '2018-10-16T13:52:14.000Z', 'email': 'buildmaster@springframework.org', 'name': 'Spring Buildmaster', 'user': 'MDQ6VXNlcjExMzQ0NjM='}",
MDM6VGFnNjI5Njc5MDpjOGUzYjNkOTEzOWQ1NGFlNWZiODBiNjJiOGNmYTYwOGVlZTkwZjk1,MDEwOlJlcG9zaXRvcnk2Mjk2Nzkw,"Release v2.0.7.RELEASE
",v2.0.7.RELEASE,c8e3b3d9139d54ae5fb80b62b8cfa608eee90f95,"{'date': '2018-11-30T01:58:47.000Z', 'email': 'buildmaster@springframework.org', 'name': 'Spring Buildmaster', 'user': 'MDQ6VXNlcjExMzQ0NjM='}",
MDM6VGFnNjI5Njc5MDphNDM3MWViOWY0ODIxOWJkMTkyNDE2OWVhM2RiMjRlMWM1NWRlYjQ1,MDEwOlJlcG9zaXRvcnk2Mjk2Nzkw,"Release v2.0.8.RELEASE
",v2.0.8.RELEASE,a4371eb9f48219bd1924169ea3db24e1c55deb45,"{'date': '2019-01-11T18:17:45.000Z', 'email': 'buildmaster@springframework.org', 'name': 'Spring Buildmaster', 'user': 'MDQ6VXNlcjExMzQ0NjM='}",
MDM6VGFnNjI5Njc5MDpmOWRlNjdlNGJlZjBhMWRiZWZkZGI0NDE4ZGQ3MTYzNjk0MDU4MTlm,MDEwOlJlcG9zaXRvcnk2Mjk2Nzkw,"Release v2.0.9.RELEASE
",v2.0.9.RELEASE,f9de67e4bef0a1dbefddb4418dd716369405819f,"{'date': '2019-04-03T13:44:28.000Z', 'email': 'buildmaster@springframework.org', 'name': 'Spring Buildmaster', 'user': 'MDQ6VXNlcjExMzQ0NjM='}",
MDM6VGFnNjI5Njc5MDo5NzNlZWE5MTQzNDJjZjExMDg0MDA0YmU3MDZjZWY2MDYwY2UzN2I3,MDEwOlJlcG9zaXRvcnk2Mjk2Nzkw,"Release v2.1.0.M1
",v2.1.0.M1,973eea914342cf11084004be706cef6060ce37b7,"{'date': '2018-07-30T15:56:17.000Z', 'email': 'buildmaster@springframework.org', 'name': 'Spring Buildmaster', 'user': 'MDQ6VXNlcjExMzQ0NjM='}",
MDM6VGFnNjI5Njc5MDpjMzAxMWM1NWNhNGI1MGQyY2NmYmE4YTdiNTA2MzU5ODQzMDRjM2Ey,MDEwOlJlcG9zaXRvcnk2Mjk2Nzkw,"Release v2.1.0.M2
",v2.1.0.M2,c3011c55ca4b50d2ccfba8a7b50635984304c3a2,"{'date': '2018-08-21T09:15:28.000Z', 'email': 'buildmaster@springframework.org', 'name': 'Spring Buildmaster', 'user': 'MDQ6VXNlcjExMzQ0NjM='}",
MDM6VGFnNjI5Njc5MDo0YmFjYjJiY2ViZWI1NzUzODRmOTU4NTFkZmE0MTNiMTc3NWQ0MjUx,MDEwOlJlcG9zaXRvcnk2Mjk2Nzkw,"Release v2.1.0.M3
",v2.1.0.M3,4bacb2bcebeb575384f95851dfa413b1775d4251,"{'date': '2018-09-13T04:14:30.000Z', 'email': 'buildmaster@springframework.org', 'name': 'Spring Buildmaster', 'user': 'MDQ6VXNlcjExMzQ0NjM='}",
MDM6VGFnNjI5Njc5MDpiODcwZGY1YWZiODgxYTA4ZDhiODM0YWIxNjkyMGU0NDhjMDMxZTQ3,MDEwOlJlcG9zaXRvcnk2Mjk2Nzkw,"Release v2.1.0.M4
",v2.1.0.M4,b870df5afb881a08d8b834ab16920e448c031e47,"{'date': '2018-09-25T00:00:15.000Z', 'email': 'buildmaster@springframework.org', 'name': 'Spring Buildmaster', 'user': 'MDQ6VXNlcjExMzQ0NjM='}",
MDM6VGFnNjI5Njc5MDo3ZGM5NmNmNzM2NTNjOGVhZDE5MDljOWYwNGVlYmI3N2Q5MTdlMmQx,MDEwOlJlcG9zaXRvcnk2Mjk2Nzkw,"Release v2.1.0.RC1
",v2.1.0.RC1,7dc96cf73653c8ead1909c9f04eebb77d917e2d1,"{'date': '2018-10-17T13:53:33.000Z', 'email': 'buildmaster@springframework.org', 'name': 'Spring Buildmaster', 'user': 'MDQ6VXNlcjExMzQ0NjM='}",
MDM6VGFnNjI5Njc5MDo4ZjJjMjFkOTkzYmM3NDllNWMxMzgyNTExYTZmMDk4MWQ4MmQ0Y2U0,MDEwOlJlcG9zaXRvcnk2Mjk2Nzkw,"Release v2.1.0.RELEASE
",v2.1.0.RELEASE,8f2c21d993bc749e5c1382511a6f0981d82d4ce4,"{'date': '2018-10-30T09:00:36.000Z', 'email': 'buildmaster@springframework.org', 'name': 'Spring Buildmaster', 'user': 'MDQ6VXNlcjExMzQ0NjM='}",
MDM6VGFnNjI5Njc5MDplOWU0MTBlODUwNTVkNWJlNWY0NGJhZDJlYzM0YmZmODA2YzhlYTFi,MDEwOlJlcG9zaXRvcnk2Mjk2Nzkw,"Release v2.1.1.RELEASE
",v2.1.1.RELEASE,e9e410e85055d5be5f44bad2ec34bff806c8ea1b,"{'date': '2018-11-30T08:15:04.000Z', 'email': 'buildmaster@springframework.org', 'name': 'Spring Buildmaster', 'user': 'MDQ6VXNlcjExMzQ0NjM='}",
MDM6VGFnNjI5Njc5MDowNjcwMjM3Y2ZjYTE0NmUyYWE4NGJjYWI5NmJhYjE2NDhjMGYwMWY3,MDEwOlJlcG9zaXRvcnk2Mjk2Nzkw,"Release v2.1.2.RELEASE
",v2.1.2.RELEASE,0670237cfca146e2aa84bcab96bab1648c0f01f7,"{'date': '2019-01-12T02:13:30.000Z', 'email': 'buildmaster@springframework.org', 'name': 'Spring Buildmaster', 'user': 'MDQ6VXNlcjExMzQ0NjM='}",
MDM6VGFnNjI5Njc5MDozYTZkNTMxMmJiN2NmOWNiMWMyOWMzNWZkNzA1ODhiNTYzMjA4ZWI1,MDEwOlJlcG9zaXRvcnk2Mjk2Nzkw,"Release v2.1.3.RELEASE
",v2.1.3.RELEASE,3a6d5312bb7cf9cb1c29c35fd70588b563208eb5,"{'date': '2019-02-15T10:04:43.000Z', 'email': 'buildmaster@springframework.org', 'name': 'Spring Buildmaster', 'user': 'MDQ6VXNlcjExMzQ0NjM='}",
MDM6VGFnNjI5Njc5MDpiZjY3NGI5YzEzYjQ5YzcxZjhmYzVhMGEyODk4OWExNzFjNTQ0ZGM5,MDEwOlJlcG9zaXRvcnk2Mjk2Nzkw,"Release v2.1.4.RELEASE
",v2.1.4.RELEASE,bf674b9c13b49c71f8fc5a0a28989a171c544dc9,"{'date': '2019-04-04T02:02:22.000Z', 'email': 'buildmaster@springframework.org', 'name': 'Spring Buildmaster', 'user': 'MDQ6VXNlcjExMzQ0NjM='}",
MDM6VGFnNjI5Njc5MDoxOWM5MDlmZTdhMTFmMWNhMTFkYTg0NzcwYmMwNDQ4ZmQwMTdiZDhi,MDEwOlJlcG9zaXRvcnk2Mjk2Nzkw,"Release v2.1.5.RELEASE
",v2.1.5.RELEASE,19c909fe7a11f1ca11da84770bc0448fd017bd8b,"{'date': '2019-05-15T06:58:59.000Z', 'email': 'buildmaster@springframework.org', 'name': 'Spring Buildmaster', 'user': 'MDQ6VXNlcjExMzQ0NjM='}",
MDM6VGFnNjI5Njc5MDo0YjQzOTQ5NGYzZWQzYjhlMzNkNGE2MzVkY2UxNGNjMWEyZjc4ZjRl,MDEwOlJlcG9zaXRvcnk2Mjk2Nzkw,"Release v2.1.6.RELEASE
",v2.1.6.RELEASE,4b439494f3ed3b8e33d4a635dce14cc1a2f78f4e,"{'date': '2019-06-18T23:41:35.000Z', 'email': 'buildmaster@springframework.org', 'name': 'Spring Buildmaster', 'user': 'MDQ6VXNlcjExMzQ0NjM='}",
MDM6VGFnNjI5Njc5MDo4ZWE5YjM0MGViMTY1MGY2ZjRjOWViMDM0ODRkZGY3M2UxZGQ1ZGE2,MDEwOlJlcG9zaXRvcnk2Mjk2Nzkw,"Release v2.1.7.RELEASE
",v2.1.7.RELEASE,8ea9b340eb1650f6f4c9eb03484ddf73e1dd5da6,"{'date': '2019-08-06T08:00:39.000Z', 'email': 'buildmaster@springframework.org', 'name': 'Spring Buildmaster', 'user': 'MDQ6VXNlcjExMzQ0NjM='}",
MDM6VGFnNjI5Njc5MDo4ZDY1YTc4MGFiODY4NDEzZDUyYzFiMGNmZTI0YTRkMDAyMzE5Yzk3,MDEwOlJlcG9zaXRvcnk2Mjk2Nzkw,"Release v2.1.8.RELEASE
",v2.1.8.RELEASE,8d65a780ab868413d52c1b0cfe24a4d002319c97,"{'date': '2019-09-05T14:02:34.000Z', 'email': 'buildmaster@springframework.org', 'name': 'Spring Buildmaster', 'user': 'MDQ6VXNlcjExMzQ0NjM='}",
MDM6VGFnNjI5Njc5MDo2ZjgxYjM2Y2EzZTUyY2FjZTljZmRlNTIxNGI1MmI0YzI4NmFmNDI4,MDEwOlJlcG9zaXRvcnk2Mjk2Nzkw,"Release v2.1.9.RELEASE
",v2.1.9.RELEASE,6f81b36ca3e52cace9cfde5214b52b4c286af428,"{'date': '2019-10-02T14:15:18.000Z', 'email': 'buildmaster@springframework.org', 'name': 'Spring Buildmaster', 'user': 'MDQ6VXNlcjExMzQ0NjM='}",
MDM6VGFnNjI5Njc5MDplZmRiMjJjNzE4OGE5NDNjZmE0MjI0YzYzYzk2N2NkN2EwMmFlNzQ4,MDEwOlJlcG9zaXRvcnk2Mjk2Nzkw,"Release v2.1.10.RELEASE
",v2.1.10.RELEASE,efdb22c7188a943cfa4224c63c967cd7a02ae748,"{'date': '2019-11-06T10:00:25.000Z', 'email': 'buildmaster@springframework.org', 'name': 'Spring Buildmaster', 'user': 'MDQ6VXNlcjExMzQ0NjM='}",
MDM6VGFnNjI5Njc5MDowZWI4MzUxM2E4NTEwMjI0ZmVkZTQzNDRhNDY3ZWVkM2U0ZWNkYzY4,MDEwOlJlcG9zaXRvcnk2Mjk2Nzkw,"Release v2.1.11.RELEASE
",v2.1.11.RELEASE,0eb83513a8510224fede4344a467eed3e4ecdc68,"{'date': '2019-12-05T22:26:38.000Z', 'email': 'buildmaster@springframework.org', 'name': 'Spring Buildmaster', 'user': 'MDQ6VXNlcjExMzQ0NjM='}",
MDM6VGFnNjI5Njc5MDoxNjgyNzZmNGIzMDc5MTNhY2Y5NDM4OTM1OTg5ZjczYTY1MmY5YmQw,MDEwOlJlcG9zaXRvcnk2Mjk2Nzkw,"Release v2.1.12.RELEASE
",v2.1.12.RELEASE,168276f4b307913acf9438935989f73a652f9bd0,"{'date': '2020-01-16T10:51:08.000Z', 'email': 'buildmaster@springframework.org', 'name': 'Spring Buildmaster', 'user': 'MDQ6VXNlcjExMzQ0NjM='}",
MDM6VGFnNjI5Njc5MDpmYzhmMWJmYTE0ZjQ5ZTY3YjY1YjZhNzcwMDcwZTQ1ODU2ZWMyYTZk,MDEwOlJlcG9zaXRvcnk2Mjk2Nzkw,"Release v2.1.13.RELEASE
",v2.1.13.RELEASE,fc8f1bfa14f49e67b65b6a770070e45856ec2a6d,"{'date': '2020-02-27T09:33:57.000Z', 'email': 'buildmaster@springframework.org', 'name': 'Spring Buildmaster', 'user': 'MDQ6VXNlcjExMzQ0NjM='}",
MDM6VGFnNjI5Njc5MDo4M2ZiNDA4NGIxYjQ1NTcyZWE1ZGVkNjFjMGQ3ZTBjMDRiMTA2YTNj,MDEwOlJlcG9zaXRvcnk2Mjk2Nzkw,"Release v2.1.14.RELEASE
",v2.1.14.RELEASE,83fb4084b1b45572ea5ded61c0d7e0c04b106a3c,"{'date': '2020-05-07T13:20:00.000Z', 'email': 'buildmaster@springframework.org', 'name': 'Spring Buildmaster', 'user': 'MDQ6VXNlcjExMzQ0NjM='}",
MDM6VGFnNjI5Njc5MDpjYjBhYzdlYTZhNDNmMGNkZWM4NjU5ZTdkMzI1YmViZGFmMjZiOWI2,MDEwOlJlcG9zaXRvcnk2Mjk2Nzkw,"Release v2.1.15.RELEASE
",v2.1.15.RELEASE,cb0ac7ea6a43f0cdec8659e7d325bebdaf26b9b6,"{'date': '2020-06-11T08:04:41.000Z', 'email': 'buildmaster@springframework.org', 'name': 'Spring Buildmaster', 'user': 'MDQ6VXNlcjExMzQ0NjM='}",
MDM6VGFnNjI5Njc5MDoyZWJmNjA3YWYwNDI0ZDhhOTExMzA2OGRiOWY1Y2NiYTllMGQwYTY4,MDEwOlJlcG9zaXRvcnk2Mjk2Nzkw,"Release v2.1.16.RELEASE
",v2.1.16.RELEASE,2ebf607af0424d8a9113068db9f5ccba9e0d0a68,"{'date': '2020-07-23T21:01:18.000Z', 'email': 'buildmaster@springframework.org', 'name': 'Spring Buildmaster', 'user': 'MDQ6VXNlcjExMzQ0NjM='}",
MDM6VGFnNjI5Njc5MDo2NjYzNThkMTdkZjZlODRmZGIyMWZlZWJkOGI1MThmZTAzZGFlZDY0,MDEwOlJlcG9zaXRvcnk2Mjk2Nzkw,"Release v2.1.17.RELEASE
",v2.1.17.RELEASE,666358d17df6e84fdb21feebd8b518fe03daed64,"{'date': '2020-09-17T06:24:55.000Z', 'email': 'buildmaster@springframework.org', 'name': 'Spring Buildmaster', 'user': 'MDQ6VXNlcjExMzQ0NjM='}",
MDM6VGFnNjI5Njc5MDo0ZjEwZmExZTZmNzY3ZjZlNDhlNTIwMjNhN2FmZWIzYTk1ZDk5ZmRl,MDEwOlJlcG9zaXRvcnk2Mjk2Nzkw,"Release v2.1.18.RELEASE
",v2.1.18.RELEASE,4f10fa1e6f767f6e48e52023a7afeb3a95d99fde,"{'date': '2020-10-29T10:13:42.000Z', 'email': 'buildmaster@springframework.org', 'name': 'Spring Buildmaster', 'user': 'MDQ6VXNlcjExMzQ0NjM='}",
MDM6VGFnNjI5Njc5MDozNWVkN2ExZDA5OWYzNWNkMzVkMWEyMWIwNTcyMzExNzFmMWIwZGVk,MDEwOlJlcG9zaXRvcnk2Mjk2Nzkw,"Release v2.2.0.M1
",v2.2.0.M1,35ed7a1d099f35cd35d1a21b057231171f1b0ded,"{'date': '2019-03-08T14:58:40.000Z', 'email': 'buildmaster@springframework.org', 'name': 'Spring Buildmaster', 'user': 'MDQ6VXNlcjExMzQ0NjM='}",
MDM6VGFnNjI5Njc5MDo5ZjRhNTFmOWQ0ZmI4ZTkyOWNhYzViYjdmY2MyZWYwZWUyYjBmYzk0,MDEwOlJlcG9zaXRvcnk2Mjk2Nzkw,"Release v2.2.0.M2
",v2.2.0.M2,9f4a51f9d4fb8e929cac5bb7fcc2ef0ee2b0fc94,"{'date': '2019-04-16T11:59:29.000Z', 'email': 'buildmaster@springframework.org', 'name': 'Spring Buildmaster', 'user': 'MDQ6VXNlcjExMzQ0NjM='}",
MDM6VGFnNjI5Njc5MDo4MjlmZDQwYWY3NDNmM2Q3ZThkMDExNmExOTBlZmQ2NDI4N2U1NWFh,MDEwOlJlcG9zaXRvcnk2Mjk2Nzkw,"Release v2.2.0.M3
",v2.2.0.M3,829fd40af743f3d7e8d0116a190efd64287e55aa,"{'date': '2019-05-15T07:19:08.000Z', 'email': 'buildmaster@springframework.org', 'name': 'Spring Buildmaster', 'user': 'MDQ6VXNlcjExMzQ0NjM='}",
MDM6VGFnNjI5Njc5MDo1ZjUxYWI3ZmQ0YzcyMjk2MWM0MTk5NWIzMGFmMmMwYmFhMjc0ZTg0,MDEwOlJlcG9zaXRvcnk2Mjk2Nzkw,"Release v2.2.0.M4
",v2.2.0.M4,5f51ab7fd4c722961c41995b30af2c0baa274e84,"{'date': '2019-06-19T07:06:12.000Z', 'email': 'buildmaster@springframework.org', 'name': 'Spring Buildmaster', 'user': 'MDQ6VXNlcjExMzQ0NjM='}",
MDM6VGFnNjI5Njc5MDpiYWZmM2M4NGFkMjQ3Yzg0MWRhYmU4OGI0Y2I4NzUyNGQxMTZmMjhj,MDEwOlJlcG9zaXRvcnk2Mjk2Nzkw,"Release v2.2.0.M5
",v2.2.0.M5,baff3c84ad247c841dabe88b4cb87524d116f28c,"{'date': '2019-08-06T12:16:16.000Z', 'email': 'buildmaster@springframework.org', 'name': 'Spring Buildmaster', 'user': 'MDQ6VXNlcjExMzQ0NjM='}",
MDM6VGFnNjI5Njc5MDplNDJmYjY5ODdjMmE3MjkzNjBjN2M1ZGRmNTU2MzExZTgwYmI0OTU4,MDEwOlJlcG9zaXRvcnk2Mjk2Nzkw,"Release v2.2.0.M6
",v2.2.0.M6,e42fb6987c2a729360c7c5ddf556311e80bb4958,"{'date': '2019-09-10T11:01:21.000Z', 'email': 'buildmaster@springframework.org', 'name': 'Spring Buildmaster', 'user': 'MDQ6VXNlcjExMzQ0NjM='}",
MDM6VGFnNjI5Njc5MDo4YmMyNjEzYmE1NzBhMDUzMTU4MjNiMTlmNjZiOWE5NmRjNDk0N2Y2,MDEwOlJlcG9zaXRvcnk2Mjk2Nzkw,"Release v2.2.0.RC1
",v2.2.0.RC1,8bc2613ba570a05315823b19f66b9a96dc4947f6,"{'date': '2019-10-03T09:33:59.000Z', 'email': 'buildmaster@springframework.org', 'name': 'Spring Buildmaster', 'user': 'MDQ6VXNlcjExMzQ0NjM='}",
MDM6VGFnNjI5Njc5MDplOGY0ZTIzMWI5NTkwYmM0MmNjMjY1YTgzNzMxZjllYWEzNDg3YjA5,MDEwOlJlcG9zaXRvcnk2Mjk2Nzkw,"Release v2.2.0.RELEASE
",v2.2.0.RELEASE,e8f4e231b9590bc42cc265a83731f9eaa3487b09,"{'date': '2019-10-16T16:43:13.000Z', 'email': 'buildmaster@springframework.org', 'name': 'Spring Buildmaster', 'user': 'MDQ6VXNlcjExMzQ0NjM='}",
MDM6VGFnNjI5Njc5MDoxYTdlMWE2ZGI4MzdhODMzMzhjNjc5NjRiNmRkYWQzMDdiYTlmOGFk,MDEwOlJlcG9zaXRvcnk2Mjk2Nzkw,"Release v2.2.1.RELEASE
",v2.2.1.RELEASE,1a7e1a6db837a83338c67964b6ddad307ba9f8ad,"{'date': '2019-11-06T21:16:29.000Z', 'email': 'buildmaster@springframework.org', 'name': 'Spring Buildmaster', 'user': 'MDQ6VXNlcjExMzQ0NjM='}",
MDM6VGFnNjI5Njc5MDplZjEzODZhY2UzNDdlOTkyNmQ5M2RmMmQ4YzdlYjRjZjQ4ZjkzZGY1,MDEwOlJlcG9zaXRvcnk2Mjk2Nzkw,"Release v2.2.2.RELEASE
",v2.2.2.RELEASE,ef1386ace347e9926d93df2d8c7eb4cf48f93df5,"{'date': '2019-12-06T05:56:11.000Z', 'email': 'buildmaster@springframework.org', 'name': 'Spring Buildmaster', 'user': 'MDQ6VXNlcjExMzQ0NjM='}",
MDM6VGFnNjI5Njc5MDplY2NiNjI4MDUwZWI1ZmY0ZjU4MzBlOGQ5NTU5OTE3NmE4YzM1Nzk2,MDEwOlJlcG9zaXRvcnk2Mjk2Nzkw,"Release v2.2.3.RELEASE
",v2.2.3.RELEASE,eccb628050eb5ff4f5830e8d95599176a8c35796,"{'date': '2020-01-16T14:18:31.000Z', 'email': 'buildmaster@springframework.org', 'name': 'Spring Buildmaster', 'user': 'MDQ6VXNlcjExMzQ0NjM='}",
MDM6VGFnNjI5Njc5MDo3YTE3MTJiYzcxZmZlMDk4YjIyMzczM2ZjNzY4NWFlNjIwZDE3MjA5,MDEwOlJlcG9zaXRvcnk2Mjk2Nzkw,"Release v2.2.4.RELEASE
",v2.2.4.RELEASE,7a1712bc71ffe098b223733fc7685ae620d17209,"{'date': '2020-01-20T17:51:57.000Z', 'email': 'buildmaster@springframework.org', 'name': 'Spring Buildmaster', 'user': 'MDQ6VXNlcjExMzQ0NjM='}",
MDM6VGFnNjI5Njc5MDpkMzlhNzU3N2QxZjJlOWVhYmMxYjExOTY0NWU5MDUyMWZhZjEzZWRh,MDEwOlJlcG9zaXRvcnk2Mjk2Nzkw,"Release v2.2.5.RELEASE
",v2.2.5.RELEASE,d39a7577d1f2e9eabc1b119645e90521faf13eda,"{'date': '2020-02-27T12:09:33.000Z', 'email': 'buildmaster@springframework.org', 'name': 'Spring Buildmaster', 'user': 'MDQ6VXNlcjExMzQ0NjM='}",
MDM6VGFnNjI5Njc5MDowZTM5NWViNDllY2NhYWRkZGUwNDQ1Y2M2MzRjZmVhODYyZDcxNzI4,MDEwOlJlcG9zaXRvcnk2Mjk2Nzkw,"Release v2.2.6.RELEASE
",v2.2.6.RELEASE,0e395eb49eccaaddde0445cc634cfea862d71728,"{'date': '2020-03-26T11:12:20.000Z', 'email': 'buildmaster@springframework.org', 'name': 'Spring Buildmaster', 'user': 'MDQ6VXNlcjExMzQ0NjM='}",
MDM6VGFnNjI5Njc5MDo1M2U0MzBjZjNlMmJlZTRhYTUzY2M2OGQyODk0YjNlMWNkOWRjODc4,MDEwOlJlcG9zaXRvcnk2Mjk2Nzkw,"Release v2.2.7.RELEASE
",v2.2.7.RELEASE,53e430cf3e2bee4aa53cc68d2894b3e1cd9dc878,"{'date': '2020-05-07T14:32:37.000Z', 'email': 'buildmaster@springframework.org', 'name': 'Spring Buildmaster', 'user': 'MDQ6VXNlcjExMzQ0NjM='}",
MDM6VGFnNjI5Njc5MDo5NTQ0OTkzODg2OTA2ZWQzMmJiMzY5OWM1NTM2YWE2MGJjNzI0ZDU5,MDEwOlJlcG9zaXRvcnk2Mjk2Nzkw,"Release v2.2.8.RELEASE
",v2.2.8.RELEASE,9544993886906ed32bb3699c5536aa60bc724d59,"{'date': '2020-06-11T12:09:03.000Z', 'email': 'buildmaster@springframework.org', 'name': 'Spring Buildmaster', 'user': 'MDQ6VXNlcjExMzQ0NjM='}",
MDM6VGFnNjI5Njc5MDoyZDBjY2ZhOWQyMThjYjdjYTBlNTNlOGFjZjI3M2VkNTdkOWY2MTUw,MDEwOlJlcG9zaXRvcnk2Mjk2Nzkw,"Release v2.2.9.RELEASE
",v2.2.9.RELEASE,2d0ccfa9d218cb7ca0e53e8acf273ed57d9f6150,"{'date': '2020-07-24T07:55:55.000Z', 'email': 'buildmaster@springframework.org', 'name': 'Spring Buildmaster', 'user': 'MDQ6VXNlcjExMzQ0NjM='}",
MDM6VGFnNjI5Njc5MDpiODUwOTMzY2I2MGMxZDZiMmEzZDk5MTgyZDExMDJkMmE1MmU3MjY5,MDEwOlJlcG9zaXRvcnk2Mjk2Nzkw,"Release v2.2.10.RELEASE
",v2.2.10.RELEASE,b850933cb60c1d6b2a3d99182d1102d2a52e7269,"{'date': '2020-09-17T10:01:06.000Z', 'email': 'buildmaster@springframework.org', 'name': 'Spring Buildmaster', 'user': 'MDQ6VXNlcjExMzQ0NjM='}",
MDM6VGFnNjI5Njc5MDo1ODllZDdkYWYzYTVlZmM5NzM5YTcyYTIwNDFkODkzZDhlMjE3NDFh,MDEwOlJlcG9zaXRvcnk2Mjk2Nzkw,"Release v2.2.11.RELEASE
",v2.2.11.RELEASE,589ed7daf3a5efc9739a72a2041d893d8e21741a,"{'date': '2020-10-29T12:41:25.000Z', 'email': 'buildmaster@springframework.org', 'name': 'Spring Buildmaster', 'user': 'MDQ6VXNlcjExMzQ0NjM='}",
MDM6VGFnNjI5Njc5MDplY2ZmZDY3ZGM0MjIwNTNkOWNhNTA5ZjBhZWM3MzM3MGRmN2RiYTgy,MDEwOlJlcG9zaXRvcnk2Mjk2Nzkw,"Release v2.2.12.RELEASE
",v2.2.12.RELEASE,ecffd67dc422053d9ca509f0aec73370df7dba82,"{'date': '2020-12-10T15:24:36.000Z', 'email': 'buildmaster@springframework.org', 'name': 'Spring Buildmaster', 'user': 'MDQ6VXNlcjExMzQ0NjM='}",
MDM6VGFnNjI5Njc5MDo2MjUzNjIwMjA5MWM0YWE0YjlkMTY1NGM5YjAwOGViMjI4NjU5MmNm,MDEwOlJlcG9zaXRvcnk2Mjk2Nzkw,"Release v2.2.13.RELEASE
",v2.2.13.RELEASE,62536202091c4aa4b9d1654c9b008eb2286592cf,"{'date': '2021-01-14T08:38:14.000Z', 'email': 'buildmaster@springframework.org', 'name': 'Spring Buildmaster', 'user': 'MDQ6VXNlcjExMzQ0NjM='}",
MDM6VGFnNjI5Njc5MDpkZTlhOTlmNDQxMDAwMzA1ZGJmZjUwODgzYzJlYzJiNDlmYmQyZDYy,MDEwOlJlcG9zaXRvcnk2Mjk2Nzkw,"Release v2.3.0.M1
",v2.3.0.M1,de9a99f441000305dbff50883c2ec2b49fbd2d62,"{'date': '2020-01-23T19:17:15.000Z', 'email': 'buildmaster@springframework.org', 'name': 'Spring Buildmaster', 'user': 'MDQ6VXNlcjExMzQ0NjM='}",
MDM6VGFnNjI5Njc5MDo4M2YzZTY2NmQwMWU5NGNjNjk3NjAyMmE4NmZjNDFmZWJlNzIwMzhl,MDEwOlJlcG9zaXRvcnk2Mjk2Nzkw,"Release v2.3.0.M2
",v2.3.0.M2,83f3e666d01e94cc6976022a86fc41febe72038e,"{'date': '2020-02-13T21:02:42.000Z', 'email': 'buildmaster@springframework.org', 'name': 'Spring Buildmaster', 'user': 'MDQ6VXNlcjExMzQ0NjM='}",
MDM6VGFnNjI5Njc5MDphZmU3MjM0Y2RkZTBkZjU0NzJiZmZjNjAzMmY5YzQ4YWJkMzA3ZmU4,MDEwOlJlcG9zaXRvcnk2Mjk2Nzkw,"Release v2.3.0.M3
",v2.3.0.M3,afe7234cdde0df5472bffc6032f9c48abd307fe8,"{'date': '2020-03-12T16:08:41.000Z', 'email': 'buildmaster@springframework.org', 'name': 'Spring Buildmaster', 'user': 'MDQ6VXNlcjExMzQ0NjM='}",
MDM6VGFnNjI5Njc5MDpiMzNhMDAzMzk2ZjUyYmNhZmYzMzJhMzZjZjdiMWI5MGEzYjU5YjMw,MDEwOlJlcG9zaXRvcnk2Mjk2Nzkw,"Release v2.3.0.M4
",v2.3.0.M4,b33a003396f52bcaff332a36cf7b1b90a3b59b30,"{'date': '2020-04-03T10:58:28.000Z', 'email': 'buildmaster@springframework.org', 'name': 'Spring Buildmaster', 'user': 'MDQ6VXNlcjExMzQ0NjM='}",
MDM6VGFnNjI5Njc5MDoxZTIzZDM5YWEyYzhlNzRjZDRkMzI3MmU0NjZmOWQ4N2NiMTViM2Ez,MDEwOlJlcG9zaXRvcnk2Mjk2Nzkw,"Release v2.3.0.RC1
",v2.3.0.RC1,1e23d39aa2c8e74cd4d3272e466f9d87cb15b3a3,"{'date': '2020-05-01T04:05:11.000Z', 'email': 'buildmaster@springframework.org', 'name': 'Spring Buildmaster', 'user': 'MDQ6VXNlcjExMzQ0NjM='}",
MDM6VGFnNjI5Njc5MDpmZTcwOTk1MmU1MjE3MjY3ODY2YWMyZTkxZTZjN2YyZTliOWVhZmZk,MDEwOlJlcG9zaXRvcnk2Mjk2Nzkw,"Release v2.3.0.RELEASE
",v2.3.0.RELEASE,fe709952e5217267866ac2e91e6c7f2e9b9eaffd,"{'date': '2020-05-15T01:13:27.000Z', 'email': 'buildmaster@springframework.org', 'name': 'Spring Buildmaster', 'user': 'MDQ6VXNlcjExMzQ0NjM='}",
MDM6VGFnNjI5Njc5MDo0OGViYjY2NWRhZDdhMWYwNTkwNWM4MmM2MjFmNDczMWIxMmNlZTRk,MDEwOlJlcG9zaXRvcnk2Mjk2Nzkw,"Release v2.3.1.RELEASE
",v2.3.1.RELEASE,48ebb665dad7a1f05905c82c621f4731b12cee4d,"{'date': '2020-06-11T22:49:43.000Z', 'email': 'buildmaster@springframework.org', 'name': 'Spring Buildmaster', 'user': 'MDQ6VXNlcjExMzQ0NjM='}",
MDM6VGFnNjI5Njc5MDoyYzk0YjZjOTcyZTljZjM1M2Y4OTAyMGQyYThkMTljOTEzZDUzMDA4,MDEwOlJlcG9zaXRvcnk2Mjk2Nzkw,"Release v2.3.2.RELEASE
",v2.3.2.RELEASE,2c94b6c972e9cf353f89020d2a8d19c913d53008,"{'date': '2020-07-24T17:33:49.000Z', 'email': 'buildmaster@springframework.org', 'name': 'Spring Buildmaster', 'user': 'MDQ6VXNlcjExMzQ0NjM='}",
MDM6VGFnNjI5Njc5MDpjZWRlODcwOWNlMTFjOTE3NzQxZWMyOTJlYWI0YzhjYzcwNThkOGQ0,MDEwOlJlcG9zaXRvcnk2Mjk2Nzkw,"Release v2.3.3.RELEASE
",v2.3.3.RELEASE,cede8709ce11c917741ec292eab4c8cc7058d8d4,"{'date': '2020-08-13T15:36:31.000Z', 'email': 'buildmaster@springframework.org', 'name': 'Spring Buildmaster', 'user': 'MDQ6VXNlcjExMzQ0NjM='}",
MDM6VGFnNjI5Njc5MDpmYjY4YTQ0YzZkMjQ5NDU3YzA1ZDc2MDNkZjVkOTM2ZDY0ZjJjZmZi,MDEwOlJlcG9zaXRvcnk2Mjk2Nzkw,"Release v2.3.4.RELEASE
",v2.3.4.RELEASE,fb68a44c6d249457c05d7603df5d936d64f2cffb,"{'date': '2020-09-17T12:51:01.000Z', 'email': 'buildmaster@springframework.org', 'name': 'Spring Buildmaster', 'user': 'MDQ6VXNlcjExMzQ0NjM='}",
MDM6VGFnNjI5Njc5MDpjOWY0NjA0Mjg0YTM5NWE4OGNkYTU3OTlmNjkxMDc3YWEwODQ5NTYz,MDEwOlJlcG9zaXRvcnk2Mjk2Nzkw,"Release v2.3.5.RELEASE
",v2.3.5.RELEASE,c9f4604284a395a88cda5799f691077aa0849563,"{'date': '2020-10-29T22:12:12.000Z', 'email': 'pwebb@vmware.com', 'name': 'Phillip Webb', 'user': 'MDQ6VXNlcjUxOTc3Mg=='}",
MDM6VGFnNjI5Njc5MDoyZWE5NWQzODIzODdjNWE1YzU3ZDcxNjdmOWIzYWUwYTIxZjZmMmMx,MDEwOlJlcG9zaXRvcnk2Mjk2Nzkw,"Release v2.3.6.RELEASE
",v2.3.6.RELEASE,2ea95d382387c5a5c57d7167f9b3ae0a21f6f2c1,"{'date': '2020-11-12T08:28:56.000Z', 'email': 'buildmaster@springframework.org', 'name': 'Spring Buildmaster', 'user': 'MDQ6VXNlcjExMzQ0NjM='}",
MDM6VGFnNjI5Njc5MDpkZTExYjg2ZTk1NDc5NjRmMjU1OWQ3NDYzZjI2MTBmNTE4OTJjMTEy,MDEwOlJlcG9zaXRvcnk2Mjk2Nzkw,"Release v2.3.7.RELEASE
",v2.3.7.RELEASE,de11b86e9547964f2559d7463f2610f51892c112,"{'date': '2020-12-11T05:37:54.000Z', 'email': 'buildmaster@springframework.org', 'name': 'Spring Buildmaster', 'user': 'MDQ6VXNlcjExMzQ0NjM='}",
MDM6VGFnNjI5Njc5MDoyMzgwZjcxYjUzNDQ2YTgxNTY5MjIzOTUxYjdjMmU1MmQwYjJlNDM3,MDEwOlJlcG9zaXRvcnk2Mjk2Nzkw,"Release v2.3.8.RELEASE
",v2.3.8.RELEASE,2380f71b53446a81569223951b7c2e52d0b2e437,"{'date': '2021-01-14T18:22:28.000Z', 'email': 'buildmaster@springframework.org', 'name': 'Spring Buildmaster', 'user': 'MDQ6VXNlcjExMzQ0NjM='}",
MDM6VGFnNjI5Njc5MDo2ZmZlZWJmNjVhYTIyMTQ2M2YzMzQ5NGZlNjg5NTcxZTIxZDAwOGI0,MDEwOlJlcG9zaXRvcnk2Mjk2Nzkw,"Release v2.3.9.RELEASE
",v2.3.9.RELEASE,6ffeebf65aa221463f33494fe689571e21d008b4,"{'date': '2021-02-18T08:50:46.000Z', 'email': 'buildmaster@springframework.org', 'name': 'Spring Buildmaster', 'user': 'MDQ6VXNlcjExMzQ0NjM='}",
MDM6VGFnNjI5Njc5MDpmYWQzN2ZlMTFmOTEyMWE4OGEyNDUyMmQ2YWZkYjY1YTQ2NjY3ZjM1,MDEwOlJlcG9zaXRvcnk2Mjk2Nzkw,"Release v2.3.10.RELEASE
",v2.3.10.RELEASE,fad37fe11f9121a88a24522d6afdb65a46667f35,"{'date': '2021-04-15T09:34:05.000Z', 'email': 'buildmaster@springframework.org', 'name': 'Spring Buildmaster', 'user': 'MDQ6VXNlcjExMzQ0NjM='}",
MDM6VGFnNjI5Njc5MDowZDk5NTZlZjEzNmJkNGQ4NTRiYThlZDAyYzA0YjMzMDk4NTFjOTFm,MDEwOlJlcG9zaXRvcnk2Mjk2Nzkw,"Release v2.3.11.RELEASE
",v2.3.11.RELEASE,0d9956ef136bd4d854ba8ed02c04b3309851c91f,"{'date': '2021-05-20T07:59:23.000Z', 'email': 'buildmaster@springframework.org', 'name': 'Spring Buildmaster', 'user': 'MDQ6VXNlcjExMzQ0NjM='}",
MDM6VGFnNjI5Njc5MDo1ODRkMGFhYTljYmU4OTY3MDM4Mzg5ZTBhZjYyZjcyYTM5ZGQ3NGIy,MDEwOlJlcG9zaXRvcnk2Mjk2Nzkw,"Release v2.3.12.RELEASE
",v2.3.12.RELEASE,584d0aaa9cbe8967038389e0af62f72a39dd74b2,"{'date': '2021-06-10T08:14:48.000Z', 'email': 'buildmaster@springframework.org', 'name': 'Spring Buildmaster', 'user': 'MDQ6VXNlcjExMzQ0NjM='}",
MDM6VGFnNjI5Njc5MDplMzNhMzRkZTlhOTQ0YmIxMjJmNGE2MjJkYjI0NmE2MTcwYjUxODA0,MDEwOlJlcG9zaXRvcnk2Mjk2Nzkw,"Release v2.4.0-M1
",v2.4.0-M1,e33a34de9a944bb122f4a622db246a6170b51804,"{'date': '2020-06-29T13:47:50.000Z', 'email': 'buildmaster@springframework.org', 'name': 'Spring Buildmaster', 'user': 'MDQ6VXNlcjExMzQ0NjM='}",
MDM6VGFnNjI5Njc5MDo1ZWI4ZWZiNDRkOWZjNGNiMzIwYjgzYmFmMjMxMGEwN2VjY2M4MzQy,MDEwOlJlcG9zaXRvcnk2Mjk2Nzkw,"Release v2.4.0-M2
",v2.4.0-M2,5eb8efb44d9fc4cb320b83baf2310a07eccc8342,"{'date': '2020-08-13T22:16:03.000Z', 'email': 'buildmaster@springframework.org', 'name': 'Spring Buildmaster', 'user': 'MDQ6VXNlcjExMzQ0NjM='}",
MDM6VGFnNjI5Njc5MDpmNTEwYTNlZjJjN2ZiZGMwYmY4MWM3YTBlMjcyODkwMjY2OWRkMmIz,MDEwOlJlcG9zaXRvcnk2Mjk2Nzkw,"Release v2.4.0-M3
",v2.4.0-M3,f510a3ef2c7fbdc0bf81c7a0e2728902669dd2b3,"{'date': '2020-09-17T20:28:26.000Z', 'email': 'buildmaster@springframework.org', 'name': 'Spring Buildmaster', 'user': 'MDQ6VXNlcjExMzQ0NjM='}",
MDM6VGFnNjI5Njc5MDpjMTdiN2Y2MzdmMTg4ZDk2Zjk1YTQ1ZGMxOTZiOGNhZjNhYjNiOWE2,MDEwOlJlcG9zaXRvcnk2Mjk2Nzkw,"Release v2.4.0-M4
",v2.4.0-M4,c17b7f637f188d96f95a45dc196b8caf3ab3b9a6,"{'date': '2020-10-15T20:54:01.000Z', 'email': 'buildmaster@springframework.org', 'name': 'Spring Buildmaster', 'user': 'MDQ6VXNlcjExMzQ0NjM='}",
MDM6VGFnNjI5Njc5MDphOTE0YTg4YjBmYWY3MzNjYzhlMjFjYTE3ZTFiOWQyNGFhYTgxZjVh,MDEwOlJlcG9zaXRvcnk2Mjk2Nzkw,"Release v2.4.0-RC1
",v2.4.0-RC1,a914a88b0faf733cc8e21ca17e1b9d24aaa81f5a,"{'date': '2020-10-30T01:07:42.000Z', 'email': 'buildmaster@springframework.org', 'name': 'Spring Buildmaster', 'user': 'MDQ6VXNlcjExMzQ0NjM='}",
MDM6VGFnNjI5Njc5MDo0NGExZWEwMTI1ODJkOWEwNTMxZWY4NTQ4YTZhMTEyMDU1MWRkYzAz,MDEwOlJlcG9zaXRvcnk2Mjk2Nzkw,"Release v2.4.0
",v2.4.0,44a1ea012582d9a0531ef8548a6a1120551ddc03,"{'date': '2020-11-12T13:53:43.000Z', 'email': 'buildmaster@springframework.org', 'name': 'Spring Buildmaster', 'user': 'MDQ6VXNlcjExMzQ0NjM='}",
MDM6VGFnNjI5Njc5MDplMDcyNDk0NTBkYTFiMDA0NWRiMjE3MGFjOTg5MDVkMDRlM2E1ZTE0,MDEwOlJlcG9zaXRvcnk2Mjk2Nzkw,"Release v2.4.1
",v2.4.1,e07249450da1b0045db2170ac98905d04e3a5e14,"{'date': '2020-12-11T06:59:56.000Z', 'email': 'buildmaster@springframework.org', 'name': 'Spring Buildmaster', 'user': 'MDQ6VXNlcjExMzQ0NjM='}",
MDM6VGFnNjI5Njc5MDphNGJlNjliNTgxN2U0MzQ1MGQ1ZTUxZTcwZjljMzJmYjE5NTMyMWFj,MDEwOlJlcG9zaXRvcnk2Mjk2Nzkw,"Release v2.4.2
",v2.4.2,a4be69b5817e43450d5e51e70f9c32fb195321ac,"{'date': '2021-01-15T02:55:04.000Z', 'email': 'buildmaster@springframework.org', 'name': 'Spring Buildmaster', 'user': 'MDQ6VXNlcjExMzQ0NjM='}",
MDM6VGFnNjI5Njc5MDoxZmJlMDU1Yjg3YTEyMTBjMTI3NWQxNTUxMzQyY2VkNWI1NDE2ZTA1,MDEwOlJlcG9zaXRvcnk2Mjk2Nzkw,"Release v2.4.3
",v2.4.3,1fbe055b87a1210c1275d1551342ced5b5416e05,"{'date': '2021-02-18T14:05:33.000Z', 'email': 'buildmaster@springframework.org', 'name': 'Spring Buildmaster', 'user': 'MDQ6VXNlcjExMzQ0NjM='}",
MDM6VGFnNjI5Njc5MDplYWMwNTljMGU2ODhiN2RhYmRkMTZiYzE5OWE1YzIxY2Q4OGViM2Y5,MDEwOlJlcG9zaXRvcnk2Mjk2Nzkw,"Release v2.4.4
",v2.4.4,eac059c0e688b7dabdd16bc199a5c21cd88eb3f9,"{'date': '2021-03-18T08:34:35.000Z', 'email': 'buildmaster@springframework.org', 'name': 'Spring Buildmaster', 'user': 'MDQ6VXNlcjExMzQ0NjM='}",
MDM6VGFnNjI5Njc5MDo0M2IzN2ZiZWIxN2YzZDc4NTE4ZjgwMmNlZWIwNTk1YjlhMjFjMWMz,MDEwOlJlcG9zaXRvcnk2Mjk2Nzkw,"Release v2.4.5
",v2.4.5,43b37fbeb17f3d78518f802ceeb0595b9a21c1c3,"{'date': '2021-04-15T11:27:10.000Z', 'email': 'buildmaster@springframework.org', 'name': 'Spring Buildmaster', 'user': 'MDQ6VXNlcjExMzQ0NjM='}",
MDM6VGFnNjI5Njc5MDpjOTBmYjhlNzI1ZjRkMGU3ZTNkOTEwNDQ0NjJkZGQwMjc0N2Q3NDYw,MDEwOlJlcG9zaXRvcnk2Mjk2Nzkw,"Release v2.4.6
",v2.4.6,c90fb8e725f4d0e7e3d91044462ddd02747d7460,"{'date': '2021-05-20T09:46:45.000Z', 'email': 'buildmaster@springframework.org', 'name': 'Spring Buildmaster', 'user': 'MDQ6VXNlcjExMzQ0NjM='}",
MDM6VGFnNjI5Njc5MDo2MGVmNzlmMjYzYjZhMjhlMGM3ZjdiNTdjOTc0MDQyNjQ2ODExM2Jk,MDEwOlJlcG9zaXRvcnk2Mjk2Nzkw,"Release v2.4.7
",v2.4.7,60ef79f263b6a28e0c7f7b57c9740426468113bd,"{'date': '2021-06-10T10:25:43.000Z', 'email': 'buildmaster@springframework.org', 'name': 'Spring Buildmaster', 'user': 'MDQ6VXNlcjExMzQ0NjM='}",
MDM6VGFnNjI5Njc5MDpkM2FhZjgyYjBlNjk0N2Y3Y2JjZjEzZjlmZGFiN2RjOTk2MmVlMTZm,MDEwOlJlcG9zaXRvcnk2Mjk2Nzkw,"Release v2.4.8
",v2.4.8,d3aaf82b0e6947f7cbcf13f9fdab7dc9962ee16f,"{'date': '2021-06-24T10:50:46.000Z', 'email': 'buildmaster@springframework.org', 'name': 'Spring Buildmaster', 'user': 'MDQ6VXNlcjExMzQ0NjM='}",
MDM6VGFnNjI5Njc5MDozMDQ4YzgwZmNlMjY3Mjk4YWE0NTdhZDc4MzdmZTZlZDhhODY5OTdl,MDEwOlJlcG9zaXRvcnk2Mjk2Nzkw,"Release v2.4.9
",v2.4.9,3048c80fce267298aa457ad7837fe6ed8a86997e,"{'date': '2021-07-22T09:44:08.000Z', 'email': 'buildmaster@springframework.org', 'name': 'Spring Buildmaster', 'user': 'MDQ6VXNlcjExMzQ0NjM='}",
MDM6VGFnNjI5Njc5MDpjNDg2YjQwN2FlNTcyMTIzMzQwM2Y3ZTg4MjcwZmEwY2NiZjRlZTEx,MDEwOlJlcG9zaXRvcnk2Mjk2Nzkw,"Release v2.4.10
",v2.4.10,c486b407ae5721233403f7e88270fa0ccbf4ee11,"{'date': '2021-08-19T10:02:54.000Z', 'email': 'spring-buildmaster@users.noreply.github.com', 'name': 'Spring Buildmaster', 'user': None}",
TA_kwDOAGAU1toAKDk5MjRiNWE2YTAwYjgzNDI0NjllMGVjOGJkOGZjY2RlNWYyMjE2ZGY,MDEwOlJlcG9zaXRvcnk2Mjk2Nzkw,"Release v2.4.11
",v2.4.11,9924b5a6a00b8342469e0ec8bd8fccde5f2216df,"{'date': '2021-09-23T05:22:35.000Z', 'email': 'spring-builds@users.noreply.github.com', 'name': 'Spring Builds', 'user': 'MDQ6VXNlcjExMzQ0NjM='}",
TA_kwDOAGAU1toAKDBlNWM1ODg5NzI0NTgxMTA1MzViYjg1MWIxZDEwMGRhNTYxODc4MTQ,MDEwOlJlcG9zaXRvcnk2Mjk2Nzkw,"Release v2.4.12
",v2.4.12,0e5c588972458110535bb851b1d100da56187814,"{'date': '2021-10-21T09:14:36.000Z', 'email': 'spring-builds@users.noreply.github.com', 'name': 'Spring Builds', 'user': 'MDQ6VXNlcjExMzQ0NjM='}",
TA_kwDOAGAU1toAKDVmZGQ1YzhjNWYyY2M3MGJjZmIzN2I2Y2RhODEzNmNlM2E4ODFhZGM,MDEwOlJlcG9zaXRvcnk2Mjk2Nzkw,"Release v2.4.13
",v2.4.13,5fdd5c8c5f2cc70bcfb37b6cda8136ce3a881adc,"{'date': '2021-11-18T07:29:33.000Z', 'email': 'spring-builds@users.noreply.github.com', 'name': 'Spring Builds', 'user': 'MDQ6VXNlcjExMzQ0NjM='}",
MDM6VGFnNjI5Njc5MDpkMmYwNDMwM2M1ZjcwZGQxYmRiYTFiYTdmZjMzNmViMGU1YThiMzE2,MDEwOlJlcG9zaXRvcnk2Mjk2Nzkw,"Release v2.5.0-M1
",v2.5.0-M1,d2f04303c5f70dd1bdba1ba7ff336eb0e5a8b316,"{'date': '2021-01-22T01:35:07.000Z', 'email': 'buildmaster@springframework.org', 'name': 'Spring Buildmaster', 'user': 'MDQ6VXNlcjExMzQ0NjM='}",
MDM6VGFnNjI5Njc5MDo0ZDAwYjQzZjY2ODExNzJkM2M3ZDNhMDY5YWFiYzczNDk2NGVkNTkw,MDEwOlJlcG9zaXRvcnk2Mjk2Nzkw,"Release v2.5.0-M2
",v2.5.0-M2,4d00b43f6681172d3c7d3a069aabc734964ed590,"{'date': '2021-02-19T01:20:00.000Z', 'email': 'buildmaster@springframework.org', 'name': 'Spring Buildmaster', 'user': 'MDQ6VXNlcjExMzQ0NjM='}",
MDM6VGFnNjI5Njc5MDo3YmFkNzU3NDU5MGRjNTUyMjZlMzEyYThiYTE2MTdmNzM0ZmRlZTkw,MDEwOlJlcG9zaXRvcnk2Mjk2Nzkw,"Release v2.5.0-M3
",v2.5.0-M3,7bad7574590dc55226e312a8ba1617f734fdee90,"{'date': '2021-03-19T05:58:56.000Z', 'email': 'buildmaster@springframework.org', 'name': 'Spring Buildmaster', 'user': 'MDQ6VXNlcjExMzQ0NjM='}",
MDM6VGFnNjI5Njc5MDo1NzFkZmVmMjUzMDBmMWJlY2QwYzU4ZTg1ZWM5MjExNmZlMzY0OTIx,MDEwOlJlcG9zaXRvcnk2Mjk2Nzkw,"Release v2.5.0-RC1
",v2.5.0-RC1,571dfef25300f1becd0c58e85ec92116fe364921,"{'date': '2021-04-16T01:59:54.000Z', 'email': 'buildmaster@springframework.org', 'name': 'Spring Buildmaster', 'user': 'MDQ6VXNlcjExMzQ0NjM='}",
MDM6VGFnNjI5Njc5MDoyNzMwNjJhNzE5NWNhOTk3YWQ1YWI4NzRkMjZiNmEwY2U3Njk1MTFh,MDEwOlJlcG9zaXRvcnk2Mjk2Nzkw,"Release v2.5.0
",v2.5.0,273062a7195ca997ad5ab874d26b6a0ce769511a,"{'date': '2021-05-20T22:56:11.000Z', 'email': 'buildmaster@springframework.org', 'name': 'Spring Buildmaster', 'user': 'MDQ6VXNlcjExMzQ0NjM='}",
MDM6VGFnNjI5Njc5MDo5NDdiY2FlNWI3NzJiNjA3YzIwODI3OGYyNjNlNjkzZDc5YjM3MTNh,MDEwOlJlcG9zaXRvcnk2Mjk2Nzkw,"Release v2.5.1
",v2.5.1,947bcae5b772b607c208278f263e693d79b3713a,"{'date': '2021-06-10T17:45:16.000Z', 'email': 'buildmaster@springframework.org', 'name': 'Spring Buildmaster', 'user': 'MDQ6VXNlcjExMzQ0NjM='}",
MDM6VGFnNjI5Njc5MDowZDA4NjFiYTkwZTI5NjE1OTI0M2JmMmRjY2UwNWViNjhjZWZjYzM4,MDEwOlJlcG9zaXRvcnk2Mjk2Nzkw,"Release v2.5.2
",v2.5.2,0d0861ba90e296159243bf2dcce05eb68cefcc38,"{'date': '2021-06-24T22:18:59.000Z', 'email': 'buildmaster@springframework.org', 'name': 'Spring Buildmaster', 'user': 'MDQ6VXNlcjExMzQ0NjM='}",
MDM6VGFnNjI5Njc5MDoxMGZkM2ZiYjE2ZDNiYzQ3MzFlOWMwYjZjN2Y5Nzc1NDI1NzZhODIy,MDEwOlJlcG9zaXRvcnk2Mjk2Nzkw,"Release v2.5.3
",v2.5.3,10fd3fbb16d3bc4731e9c0b6c7f977542576a822,"{'date': '2021-07-22T13:48:08.000Z', 'email': 'buildmaster@springframework.org', 'name': 'Spring Buildmaster', 'user': 'MDQ6VXNlcjExMzQ0NjM='}",
MDM6VGFnNjI5Njc5MDoxZmJmYzIyMWIyMDE3NzUyODRkMzMyNTJlZGMzNTUwMzcyYTc0NTAy,MDEwOlJlcG9zaXRvcnk2Mjk2Nzkw,"Release v2.5.4
",v2.5.4,1fbfc221b201775284d33252edc3550372a74502,"{'date': '2021-08-19T11:42:51.000Z', 'email': 'spring-buildmaster@users.noreply.github.com', 'name': 'Spring Buildmaster', 'user': None}",
TA_kwDOAGAU1toAKGNkNDc4NTVmYTFjZWViOTZmNzAzZjE4MzY4OWMwOTMyM2ZmZTIyNTc,MDEwOlJlcG9zaXRvcnk2Mjk2Nzkw,"Release v2.5.5
",v2.5.5,cd47855fa1ceeb96f703f183689c09323ffe2257,"{'date': '2021-09-23T07:08:30.000Z', 'email': 'spring-builds@users.noreply.github.com', 'name': 'Spring Builds', 'user': 'MDQ6VXNlcjExMzQ0NjM='}",
TA_kwDOAGAU1toAKDc0NjQ2MGU5YzkwMTg2MTE2MjhjNTdiMDhhOWRlZGQzMzRhNmY5ZDk,MDEwOlJlcG9zaXRvcnk2Mjk2Nzkw,"Release v2.5.6
",v2.5.6,746460e9c9018611628c57b08a9dedd334a6f9d9,"{'date': '2021-10-21T11:42:35.000Z', 'email': 'spring-builds@users.noreply.github.com', 'name': 'Spring Builds', 'user': 'MDQ6VXNlcjExMzQ0NjM='}",
TA_kwDOAGAU1toAKDE1Y2EwNjJkYjVlMTk5Mjk2YmM0YjVlMzBkN2U3MmY2NzIwYTA5ZTQ,MDEwOlJlcG9zaXRvcnk2Mjk2Nzkw,"Release v2.5.7
",v2.5.7,15ca062db5e199296bc4b5e30d7e72f6720a09e4,"{'date': '2021-11-18T10:24:07.000Z', 'email': 'spring-builds@users.noreply.github.com', 'name': 'Spring Builds', 'user': 'MDQ6VXNlcjExMzQ0NjM='}",
TA_kwDOAGAU1toAKDZkNmQwNGQxNTUyMTFkZTYxNmQ1ZmUxYmQ0OTIyYWRkNjE2MWM1ZDI,MDEwOlJlcG9zaXRvcnk2Mjk2Nzkw,"Release v2.5.8
",v2.5.8,6d6d04d155211de616d5fe1bd4922add6161c5d2,"{'date': '2021-12-21T17:14:54.000Z', 'email': 'spring-builds@users.noreply.github.com', 'name': 'Spring Builds', 'user': 'MDQ6VXNlcjExMzQ0NjM='}",
TA_kwDOAGAU1toAKDBhZDQ2YTEyZDBlYWJmZWI0ZDVmYTkxNjVmMTIwOWMzZmZiNDE0YWU,MDEwOlJlcG9zaXRvcnk2Mjk2Nzkw,"Release v2.5.9
",v2.5.9,0ad46a12d0eabfeb4d5fa9165f1209c3ffb414ae,"{'date': '2022-01-20T10:59:20.000Z', 'email': 'spring-builds@users.noreply.github.com', 'name': 'Spring Builds', 'user': 'MDQ6VXNlcjExMzQ0NjM='}",
TA_kwDOAGAU1toAKDc4ZDc5YWE3Y2RmMzY3MDVjOGEyYTdlOWY3YTkzY2NmNTM5NzQ2MDU,MDEwOlJlcG9zaXRvcnk2Mjk2Nzkw,"Release v2.5.10
",v2.5.10,78d79aa7cdf36705c8a2a7e9f7a93ccf53974605,"{'date': '2022-02-24T08:32:22.000Z', 'email': 'spring-builds@users.noreply.github.com', 'name': 'Spring Builds', 'user': 'MDQ6VXNlcjExMzQ0NjM='}",
TA_kwDOAGAU1toAKDhjODY2NWM4ZjQzYTMzNzlhMmI5NDQwYmQ1NGQ3ZjAwNzUxMTdkNTI,MDEwOlJlcG9zaXRvcnk2Mjk2Nzkw,"Release v2.5.11
",v2.5.11,8c8665c8f43a3379a2b9440bd54d7f0075117d52,"{'date': '2022-03-24T12:06:05.000Z', 'email': 'spring-builds@users.noreply.github.com', 'name': 'Spring Builds', 'user': 'MDQ6VXNlcjExMzQ0NjM='}",
TA_kwDOAGAU1toAKGMzMDdmYjNlZWE0YjZlYjM3NTI5YmI5MmMxODIwMmVlNWExYmFhMTA,MDEwOlJlcG9zaXRvcnk2Mjk2Nzkw,"Release v2.5.12
",v2.5.12,c307fb3eea4b6eb37529bb92c18202ee5a1baa10,"{'date': '2022-03-31T12:15:58.000Z', 'email': 'spring-builds@users.noreply.github.com', 'name': 'Spring Builds', 'user': 'MDQ6VXNlcjExMzQ0NjM='}",
TA_kwDOAGAU1toAKDg2YjZkZTFjNzUzMWE1MTIwNjQyMDk5NTRkN2Y2NjQ2N2RmNTljMjc,MDEwOlJlcG9zaXRvcnk2Mjk2Nzkw,"Release v2.5.13
",v2.5.13,86b6de1c7531a512064209954d7f66467df59c27,"{'date': '2022-04-21T06:30:47.000Z', 'email': 'spring-builds@users.noreply.github.com', 'name': 'Spring Builds', 'user': 'MDQ6VXNlcjExMzQ0NjM='}",
TA_kwDOAGAU1toAKGZmMjdjYTE3OTMwNjNjMzQ2YmE5Y2NmZGU3MGViNzVjYjJlNjlmNjY,MDEwOlJlcG9zaXRvcnk2Mjk2Nzkw,"Release v2.5.14
",v2.5.14,ff27ca1793063c346ba9ccfde70eb75cb2e69f66,"{'date': '2022-05-19T07:36:19.000Z', 'email': 'spring-builds@users.noreply.github.com', 'name': 'Spring Builds', 'user': 'MDQ6VXNlcjExMzQ0NjM='}",
TA_kwDOAGAU1toAKGFkODllNTI4MTQzYTQzNGVmMWIzN2FjNGZiMjVlNjgyMDlhMTJlYmI,MDEwOlJlcG9zaXRvcnk2Mjk2Nzkw,"Release v2.5.15
",v2.5.15,ad89e528143a434ef1b37ac4fb25e68209a12ebb,"{'date': '2023-05-18T17:11:08.000Z', 'email': 'spring-builds@users.noreply.github.com', 'name': 'Spring Builds', 'user': 'MDQ6VXNlcjExMzQ0NjM='}",
MDM6VGFnNjI5Njc5MDoxYmNlYmY1NWUwNTIzMjU1Njg4MDgyMDg4YjcxNThlYmM1M2I3YjU3,MDEwOlJlcG9zaXRvcnk2Mjk2Nzkw,"Release v2.6.0-M1
",v2.6.0-M1,1bcebf55e0523255688082088b7158ebc53b7b57,"{'date': '2021-07-22T21:39:06.000Z', 'email': 'buildmaster@springframework.org', 'name': 'Spring Buildmaster', 'user': 'MDQ6VXNlcjExMzQ0NjM='}",
MDM6VGFnNjI5Njc5MDpiY2UzYzNmODdlZmNjYTU5ODRhMmUyYWY4ZWNhYzFlOGJlOGFkNTVm,MDEwOlJlcG9zaXRvcnk2Mjk2Nzkw,"Release v2.6.0-M2
",v2.6.0-M2,bce3c3f87efcca5984a2e2af8ecac1e8be8ad55f,"{'date': '2021-08-19T16:45:01.000Z', 'email': 'spring-buildmaster@users.noreply.github.com', 'name': 'Spring Buildmaster', 'user': None}",
TA_kwDOAGAU1toAKGRmZjkzOWU3ZDZmNmZhY2QyMzI4NjdjNjkwZTdmMWZhNzU3NzgyNWY,MDEwOlJlcG9zaXRvcnk2Mjk2Nzkw,"Release v2.6.0-M3
",v2.6.0-M3,dff939e7d6f6facd232867c690e7f1fa7577825f,"{'date': '2021-09-24T02:24:45.000Z', 'email': 'spring-builds@users.noreply.github.com', 'name': 'Spring Builds', 'user': 'MDQ6VXNlcjExMzQ0NjM='}",
TA_kwDOAGAU1toAKDI3YTlkMDNmZTIyZTVkNWVlOWU3ZTkxZGE3MzcxOGZlNTViODI4N2I,MDEwOlJlcG9zaXRvcnk2Mjk2Nzkw,"Release v2.6.0-RC1
",v2.6.0-RC1,27a9d03fe22e5d5ee9e7e91da73718fe55b8287b,"{'date': '2021-10-21T20:58:53.000Z', 'email': 'spring-builds@users.noreply.github.com', 'name': 'Spring Builds', 'user': 'MDQ6VXNlcjExMzQ0NjM='}",
TA_kwDOAGAU1toAKDNhYzlmNzI2OGJjN2VlYzRkYTM3NWEwNzM5NjJlNmI4MzEwMTc3ZjI,MDEwOlJlcG9zaXRvcnk2Mjk2Nzkw,"Release v2.6.0
",v2.6.0,3ac9f7268bc7eec4da375a073962e6b8310177f2,"{'date': '2021-11-19T06:38:09.000Z', 'email': 'spring-builds@users.noreply.github.com', 'name': 'Spring Builds', 'user': 'MDQ6VXNlcjExMzQ0NjM='}",
TA_kwDOAGAU1toAKGUyOTM3NWE2NWYwZGQ3ZWMwZGY2YzRjMmE4ZTNmODg5MDg5N2IzMWQ,MDEwOlJlcG9zaXRvcnk2Mjk2Nzkw,"Release v2.6.1
",v2.6.1,e29375a65f0dd7ec0df6c4c2a8e3f8890897b31d,"{'date': '2021-11-29T12:58:02.000Z', 'email': 'spring-builds@users.noreply.github.com', 'name': 'Spring Builds', 'user': 'MDQ6VXNlcjExMzQ0NjM='}",
TA_kwDOAGAU1toAKDMwOTExMTUxNWI2NGU3MzAzNzIzYTBhMThjZDBkNTc3MTNhYjU3OTE,MDEwOlJlcG9zaXRvcnk2Mjk2Nzkw,"Release v2.6.2
",v2.6.2,309111515b64e7303723a0a18cd0d57713ab5791,"{'date': '2021-12-21T19:40:04.000Z', 'email': 'spring-builds@users.noreply.github.com', 'name': 'Spring Builds', 'user': 'MDQ6VXNlcjExMzQ0NjM='}",
TA_kwDOAGAU1toAKDhiNTQxMDIxZjJiNzZjY2MzMTI2MzdkOGE2MTRmNzQxZGY3Y2E4ZWQ,MDEwOlJlcG9zaXRvcnk2Mjk2Nzkw,"Release v2.6.3
",v2.6.3,8b541021f2b76ccc312637d8a614f741df7ca8ed,"{'date': '2022-01-20T14:00:26.000Z', 'email': 'spring-builds@users.noreply.github.com', 'name': 'Spring Builds', 'user': 'MDQ6VXNlcjExMzQ0NjM='}",
TA_kwDOAGAU1toAKDc4NmQwMTAwMDM2MDNhZDMzOGIwZDlmMjVjMTMzODE5MmZiOTQ4MDE,MDEwOlJlcG9zaXRvcnk2Mjk2Nzkw,"Release v2.6.4
",v2.6.4,786d010003603ad338b0d9f25c1338192fb94801,"{'date': '2022-02-24T12:02:08.000Z', 'email': 'spring-builds@users.noreply.github.com', 'name': 'Spring Builds', 'user': 'MDQ6VXNlcjExMzQ0NjM='}",
TA_kwDOAGAU1toAKDgzNWU3ZDEwZDljOWFjMGE1NGQ0MGEzMmU0ZDNkMzU0MTE3Mzk3NDE,MDEwOlJlcG9zaXRvcnk2Mjk2Nzkw,"Release v2.6.5
",v2.6.5,835e7d10d9c9ac0a54d40a32e4d3d35411739741,"{'date': '2022-03-24T13:40:56.000Z', 'email': 'spring-builds@users.noreply.github.com', 'name': 'Spring Builds', 'user': 'MDQ6VXNlcjExMzQ0NjM='}",
TA_kwDOAGAU1toAKDFhYWM2ZWRhZmUwOGZlNjk4MWMwNGRjNGI0Y2U5ZjM0MjZkNGEyYzA,MDEwOlJlcG9zaXRvcnk2Mjk2Nzkw,"Release v2.6.6
",v2.6.6,1aac6edafe08fe6981c04dc4b4ce9f3426d4a2c0,"{'date': '2022-03-31T13:26:14.000Z', 'email': 'spring-builds@users.noreply.github.com', 'name': 'Spring Builds', 'user': 'MDQ6VXNlcjExMzQ0NjM='}",
TA_kwDOAGAU1toAKDYyODFjMzA5M2M4NzczMTQwNzk1NDk3ZGY0ZjYzYjUzNWZmNWI4OTU,MDEwOlJlcG9zaXRvcnk2Mjk2Nzkw,"Release v2.6.7
",v2.6.7,6281c3093c8773140795497df4f63b535ff5b895,"{'date': '2022-04-21T08:43:45.000Z', 'email': 'spring-builds@users.noreply.github.com', 'name': 'Spring Builds', 'user': 'MDQ6VXNlcjExMzQ0NjM='}",
TA_kwDOAGAU1toAKGI4OWExMjIyMDZjMmE4Nzg0MGU5NDU5NjVhYThhZDY4YmI1MjYyMTQ,MDEwOlJlcG9zaXRvcnk2Mjk2Nzkw,"Release v2.6.8
",v2.6.8,b89a122206c2a87840e945965aa8ad68bb526214,"{'date': '2022-05-19T09:21:37.000Z', 'email': 'spring-builds@users.noreply.github.com', 'name': 'Spring Builds', 'user': 'MDQ6VXNlcjExMzQ0NjM='}",
TA_kwDOAGAU1toAKGEzNjc2M2EzODg1ODlhOTk0M2U5MjBhNjI3ODJkZTYxZGE0NTgwNjA,MDEwOlJlcG9zaXRvcnk2Mjk2Nzkw,"Release v2.6.9
",v2.6.9,a36763a388589a9943e920a62782de61da458060,"{'date': '2022-06-23T09:55:06.000Z', 'email': 'spring-builds@users.noreply.github.com', 'name': 'Spring Builds', 'user': 'MDQ6VXNlcjExMzQ0NjM='}",
TA_kwDOAGAU1toAKDMyODVmNDk3NjAxNTllYWM4NTQzNmNmZjBiMzVkOTgwYTIyMzcxNDU,MDEwOlJlcG9zaXRvcnk2Mjk2Nzkw,"Release v2.6.10
",v2.6.10,3285f49760159eac85436cff0b35d980a2237145,"{'date': '2022-07-21T07:10:11.000Z', 'email': 'spring-builds@users.noreply.github.com', 'name': 'Spring Builds', 'user': 'MDQ6VXNlcjExMzQ0NjM='}",
TA_kwDOAGAU1toAKDg0NThhMGViY2Y0ODYwOGE1NjEzYmVkNjU3NTZjMTc4YzU3ZTM4MGU,MDEwOlJlcG9zaXRvcnk2Mjk2Nzkw,"Release v2.6.11
",v2.6.11,8458a0ebcf48608a5613bed65756c178c57e380e,"{'date': '2022-08-18T03:32:11.000Z', 'email': 'spring-builds@users.noreply.github.com', 'name': 'Spring Builds', 'user': 'MDQ6VXNlcjExMzQ0NjM='}",
TA_kwDOAGAU1toAKDZkMWU4YTFlNTBhNWZhNmQ1ZWY1ZTdkMmRhYjhhN2VkMjE1OGM2MDI,MDEwOlJlcG9zaXRvcnk2Mjk2Nzkw,"Release v2.6.12
",v2.6.12,6d1e8a1e50a5fa6d5ef5e7d2dab8a7ed2158c602,"{'date': '2022-09-22T08:20:11.000Z', 'email': 'spring-builds@users.noreply.github.com', 'name': 'Spring Builds', 'user': 'MDQ6VXNlcjExMzQ0NjM='}",
TA_kwDOAGAU1toAKDJmNzBkY2MzNjAwNTQ0YWMyZWYwYmRiMmE4ZmE3NWRjZWIzZGVmYjI,MDEwOlJlcG9zaXRvcnk2Mjk2Nzkw,"Release v2.6.13
",v2.6.13,2f70dcc3600544ac2ef0bdb2a8fa75dceb3defb2,"{'date': '2022-10-20T08:28:58.000Z', 'email': 'spring-builds@users.noreply.github.com', 'name': 'Spring Builds', 'user': 'MDQ6VXNlcjExMzQ0NjM='}",
TA_kwDOAGAU1toAKDIwOTE4NTlmNGZhMzFlNTg5MzkxY2U3YWU0YmJkZGUyZGRiZTlhMjk,MDEwOlJlcG9zaXRvcnk2Mjk2Nzkw,"Release v2.6.14
",v2.6.14,2091859f4fa31e589391ce7ae4bbdde2ddbe9a29,"{'date': '2022-11-24T11:31:52.000Z', 'email': 'spring-builds@users.noreply.github.com', 'name': 'Spring Builds', 'user': 'MDQ6VXNlcjExMzQ0NjM='}",
TA_kwDOAGAU1toAKDA2N2U0ZjRhNDFiN2VmMWU2ODZmMTA0ZDk2MzkzNTE0YjA1MzM2NWQ,MDEwOlJlcG9zaXRvcnk2Mjk2Nzkw,"Release v2.6.15
",v2.6.15,067e4f4a41b7ef1e686f104d96393514b053365d,"{'date': '2023-05-18T18:42:55.000Z', 'email': 'spring-builds@users.noreply.github.com', 'name': 'Spring Builds', 'user': 'MDQ6VXNlcjExMzQ0NjM='}",
TA_kwDOAGAU1toAKDk2NWM1MzY1MTYzODkyOGZlNDBlM2NkYzFmMzRmNzYyYzJkNDU1Yzk,MDEwOlJlcG9zaXRvcnk2Mjk2Nzkw,"Release v2.7.0-M1
",v2.7.0-M1,965c53651638928fe40e3cdc1f34f762c2d455c9,"{'date': '2022-01-20T18:06:33.000Z', 'email': 'spring-builds@users.noreply.github.com', 'name': 'Spring Builds', 'user': 'MDQ6VXNlcjExMzQ0NjM='}",
TA_kwDOAGAU1toAKDU5MGU4ZTUwZDRlYWUwZjlkYmY5ZTBkZjJkMWNlNzRiODI4ZWY4OTU,MDEwOlJlcG9zaXRvcnk2Mjk2Nzkw,"Release v2.7.0-M2
",v2.7.0-M2,590e8e50d4eae0f9dbf9e0df2d1ce74b828ef895,"{'date': '2022-02-24T19:50:59.000Z', 'email': 'spring-builds@users.noreply.github.com', 'name': 'Spring Builds', 'user': 'MDQ6VXNlcjExMzQ0NjM='}",
TA_kwDOAGAU1toAKGQ3ZDQ0Y2NkOTNmZWUzODk0NDM3NWEyODNmNjM4YzJmNjBjMzM2YjE,MDEwOlJlcG9zaXRvcnk2Mjk2Nzkw,"Release v2.7.0-M3
",v2.7.0-M3,d7d44ccd93fee38944375a283f638c2f60c336b1,"{'date': '2022-03-24T19:25:23.000Z', 'email': 'spring-builds@users.noreply.github.com', 'name': 'Spring Builds', 'user': 'MDQ6VXNlcjExMzQ0NjM='}",
TA_kwDOAGAU1toAKGM4MmUxMDA3NzcxYzE3NzI3OTExNTUyMmM1YjU0ZDNmOTNiNmM2NWU,MDEwOlJlcG9zaXRvcnk2Mjk2Nzkw,"Release v2.7.0-RC1
",v2.7.0-RC1,c82e1007771c177279115522c5b54d3f93b6c65e,"{'date': '2022-04-21T21:06:50.000Z', 'email': 'spring-builds@users.noreply.github.com', 'name': 'Spring Builds', 'user': 'MDQ6VXNlcjExMzQ0NjM='}",
TA_kwDOAGAU1toAKDkzMmI4N2E4YjY0OTk3OGRhMDhmYjE2MWY5M2ViOThmZWQzN2JjZjg,MDEwOlJlcG9zaXRvcnk2Mjk2Nzkw,"Release v2.7.0
",v2.7.0,932b87a8b649978da08fb161f93eb98fed37bcf8,"{'date': '2022-05-19T11:53:47.000Z', 'email': 'spring-builds@users.noreply.github.com', 'name': 'Spring Builds', 'user': 'MDQ6VXNlcjExMzQ0NjM='}",
TA_kwDOAGAU1toAKDMwZjZiYTkyYzhhM2NjNzNmOGM0ZDE4NWM2MDBkZTI4MzUzZmYwNWQ,MDEwOlJlcG9zaXRvcnk2Mjk2Nzkw,"Release v2.7.1
",v2.7.1,30f6ba92c8a3cc73f8c4d185c600de28353ff05d,"{'date': '2022-06-23T11:20:09.000Z', 'email': 'spring-builds@users.noreply.github.com', 'name': 'Spring Builds', 'user': 'MDQ6VXNlcjExMzQ0NjM='}",
TA_kwDOAGAU1toAKDU3ZjBlN2RmYjYxYmM0NDA0NDZjN2M0OTRkMzc5MGUwNTM3MzQ3Mjk,MDEwOlJlcG9zaXRvcnk2Mjk2Nzkw,"Release v2.7.2
",v2.7.2,57f0e7dfb61bc440446c7c494d3790e053734729,"{'date': '2022-07-21T08:36:05.000Z', 'email': 'spring-builds@users.noreply.github.com', 'name': 'Spring Builds', 'user': 'MDQ6VXNlcjExMzQ0NjM='}",
TA_kwDOAGAU1toAKDE0NjRiMjNjZTJmZmFjMjkwYzViZTM3MjdiZjA4YzkzOTkxOTQxOGQ,MDEwOlJlcG9zaXRvcnk2Mjk2Nzkw,"Release v2.7.3
",v2.7.3,1464b23ce2ffac290c5be3727bf08c939919418d,"{'date': '2022-08-18T05:22:18.000Z', 'email': 'spring-builds@users.noreply.github.com', 'name': 'Spring Builds', 'user': 'MDQ6VXNlcjExMzQ0NjM='}",
TA_kwDOAGAU1toAKDc3Nzc2ODVlZGRkMWNkYmIyZmM4MmIzNWM3MjdiMjIzMzljZDQ5Nzk,MDEwOlJlcG9zaXRvcnk2Mjk2Nzkw,"Release v2.7.4
",v2.7.4,7777685eddd1cdbb2fc82b35c727b22339cd4979,"{'date': '2022-09-22T10:24:50.000Z', 'email': 'spring-builds@users.noreply.github.com', 'name': 'Spring Builds', 'user': 'MDQ6VXNlcjExMzQ0NjM='}",
TA_kwDOAGAU1toAKDUxNmU4ZGRlZmY0ODRlMzllYzFkMTM1ZGJhMTkyNzUxMGFjZTQzYjI,MDEwOlJlcG9zaXRvcnk2Mjk2Nzkw,"Release v2.7.5
",v2.7.5,516e8ddeff484e39ec1d135dba1927510ace43b2,"{'date': '2022-10-20T12:28:41.000Z', 'email': 'spring-builds@users.noreply.github.com', 'name': 'Spring Builds', 'user': 'MDQ6VXNlcjExMzQ0NjM='}",
TA_kwDOAGAU1toAKGQyNTA5YWE1M2RlODc0ZjMwNTZkOWZlZmNiODRmZmU3NjU2NjIzMjA,MDEwOlJlcG9zaXRvcnk2Mjk2Nzkw,"Release v2.7.6
",v2.7.6,d2509aa53de874f3056d9fefcb84ffe765662320,"{'date': '2022-11-24T12:27:36.000Z', 'email': 'spring-builds@users.noreply.github.com', 'name': 'Spring Builds', 'user': 'MDQ6VXNlcjExMzQ0NjM='}",
TA_kwDOAGAU1toAKDE1NjEzOGE1MzkzNjdjZTE2OGZlOGI2Y2JkZGRlZDQ1MDI2MDlmNjM,MDEwOlJlcG9zaXRvcnk2Mjk2Nzkw,"Release v2.7.7
",v2.7.7,156138a539367ce168fe8b6cbddded4502609f63,"{'date': '2022-12-22T16:42:43.000Z', 'email': 'spring-builds@users.noreply.github.com', 'name': 'Spring Builds', 'user': 'MDQ6VXNlcjExMzQ0NjM='}",
TA_kwDOAGAU1toAKGY4NGUyZmFiOTY2ZWQ1OWU3NDRmZTQ0NTE4N2YxNDczNzk2MTY2OTA,MDEwOlJlcG9zaXRvcnk2Mjk2Nzkw,"Release v2.7.8
",v2.7.8,f84e2fab966ed59e744fe445187f147379616690,"{'date': '2023-01-19T14:07:33.000Z', 'email': 'spring-builds@users.noreply.github.com', 'name': 'Spring Builds', 'user': 'MDQ6VXNlcjExMzQ0NjM='}",
TA_kwDOAGAU1toAKDBkOWQxYWZhY2U1NTFhYmQ2MmE3ZTUwNDZiYzg3OWI2NWVhNGY1MDI,MDEwOlJlcG9zaXRvcnk2Mjk2Nzkw,"Release v2.7.9
",v2.7.9,0d9d1aface551abd62a7e5046bc879b65ea4f502,"{'date': '2023-02-23T08:06:32.000Z', 'email': 'spring-builds@users.noreply.github.com', 'name': 'Spring Builds', 'user': 'MDQ6VXNlcjExMzQ0NjM='}",
TA_kwDOAGAU1toAKGVkOGYxOGNlMGQyNTQ1ODQ2ZDI0YmRiMzAxMzYxZWE4MGU0MjE1Yzg,MDEwOlJlcG9zaXRvcnk2Mjk2Nzkw,"Release v2.7.10
",v2.7.10,ed8f18ce0d2545846d24bdb301361ea80e4215c8,"{'date': '2023-03-23T08:03:19.000Z', 'email': 'spring-builds@users.noreply.github.com', 'name': 'Spring Builds', 'user': 'MDQ6VXNlcjExMzQ0NjM='}",
TA_kwDOAGAU1toAKGUyOGRkNzViMTlkMThjZWJlODM0NGRhZjA4NzBjMjNjZTQ4Njc2NTQ,MDEwOlJlcG9zaXRvcnk2Mjk2Nzkw,"Release v2.7.11
",v2.7.11,e28dd75b19d18cebe8344daf0870c23ce4867654,"{'date': '2023-04-20T07:43:34.000Z', 'email': 'spring-builds@users.noreply.github.com', 'name': 'Spring Builds', 'user': 'MDQ6VXNlcjExMzQ0NjM='}",
TA_kwDOAGAU1toAKGI0YTdlMDBlN2FjZDk2ZjAxNjgyNzEzYWMxOGIwOTRlNDlmOTU5MmU,MDEwOlJlcG9zaXRvcnk2Mjk2Nzkw,"Release v2.7.12
",v2.7.12,b4a7e00e7acd96f01682713ac18b094e49f9592e,"{'date': '2023-05-18T08:38:41.000Z', 'email': 'spring-builds@users.noreply.github.com', 'name': 'Spring Builds', 'user': 'MDQ6VXNlcjExMzQ0NjM='}",
TA_kwDOAGAU1toAKDJiNzQyYTZhNmI5NWZkNjE1NTFlMzUwYzg2NTMxNmZlOTYyMGMxYzA,MDEwOlJlcG9zaXRvcnk2Mjk2Nzkw,"Release v2.7.13
",v2.7.13,2b742a6a6b95fd61551e350c865316fe9620c1c0,"{'date': '2023-06-22T09:29:05.000Z', 'email': 'spring-builds@users.noreply.github.com', 'name': 'Spring Builds', 'user': 'MDQ6VXNlcjExMzQ0NjM='}",
TA_kwDOAGAU1toAKGU0YWNiYTE0ZWQwYzg2YzY5NmZhNTE1NTcwYjg0OTFhYTdiNjMzOTM,MDEwOlJlcG9zaXRvcnk2Mjk2Nzkw,"Release v2.7.14
",v2.7.14,e4acba14ed0c86c696fa515570b8491aa7b63393,"{'date': '2023-07-20T07:10:21.000Z', 'email': 'spring-builds@users.noreply.github.com', 'name': 'Spring Builds', 'user': 'MDQ6VXNlcjExMzQ0NjM='}",
TA_kwDOAGAU1toAKDcyN2Q1MWY2MWVhMTFmOWI2YjE4MGZkNzJmM2Q5YTRiZGUyN2ViZTM,MDEwOlJlcG9zaXRvcnk2Mjk2Nzkw,"Release v2.7.15
",v2.7.15,727d51f61ea11f9b6b180fd72f3d9a4bde27ebe3,"{'date': '2023-08-24T07:08:22.000Z', 'email': 'spring-builds@users.noreply.github.com', 'name': 'Spring Builds', 'user': 'MDQ6VXNlcjExMzQ0NjM='}",
TA_kwDOAGAU1toAKGYwMjIyYWYzODMzZGYyMWYyYTMyMTVkMzQyODIxZTMxYTRlYTI4YWQ,MDEwOlJlcG9zaXRvcnk2Mjk2Nzkw,"Release v2.7.16
",v2.7.16,f0222af3833df21f2a3215d342821e31a4ea28ad,"{'date': '2023-09-21T06:48:23.000Z', 'email': 'spring-builds@users.noreply.github.com', 'name': 'Spring Builds', 'user': 'MDQ6VXNlcjExMzQ0NjM='}",
TA_kwDOAGAU1toAKDkxNmM1NDRjODdmNmYzZmY5NzY1ZTc4Yjk1NTBkZjc5ZDU2ZTUzZDA,MDEwOlJlcG9zaXRvcnk2Mjk2Nzkw,"Release v2.7.17
",v2.7.17,916c544c87f6f3ff9765e78b9550df79d56e53d0,"{'date': '2023-10-19T06:16:59.000Z', 'email': 'spring-builds@users.noreply.github.com', 'name': 'Spring Builds', 'user': 'MDQ6VXNlcjExMzQ0NjM='}",
TA_kwDOAGAU1toAKDkzN2M4YTk4MTk1Mjc1ZDc3MWQyYTkzZWIxYjM5NTJmOTEwY2ZiZWQ,MDEwOlJlcG9zaXRvcnk2Mjk2Nzkw,"Release v2.7.18
",v2.7.18,937c8a98195275d771d2a93eb1b3952f910cfbed,"{'date': '2023-11-23T07:14:33.000Z', 'email': 'spring-builds@users.noreply.github.com', 'name': 'Spring Builds', 'user': 'MDQ6VXNlcjExMzQ0NjM='}",
TA_kwDOAGAU1toAKDRmZWRhMmMyNjdiZTk2ODkyM2UwMzI3YzM3NTVkOWY5NTVjY2IyMTY,MDEwOlJlcG9zaXRvcnk2Mjk2Nzkw,"Release v3.0.0-M1
",v3.0.0-M1,4feda2c267be968923e0327c3755d9f955ccb216,"{'date': '2022-01-20T20:36:16.000Z', 'email': 'spring-builds@users.noreply.github.com', 'name': 'Spring Builds', 'user': 'MDQ6VXNlcjExMzQ0NjM='}",
TA_kwDOAGAU1toAKDYzYTMzOWY4MDcwMGFjYzViNmE2MzNkODUzYThiOTljZTQ3YTc0YWU,MDEwOlJlcG9zaXRvcnk2Mjk2Nzkw,"Release v3.0.0-M2
",v3.0.0-M2,63a339f80700acc5b6a633d853a8b99ce47a74ae,"{'date': '2022-03-24T22:05:57.000Z', 'email': 'spring-builds@users.noreply.github.com', 'name': 'Spring Builds', 'user': 'MDQ6VXNlcjExMzQ0NjM='}",
TA_kwDOAGAU1toAKDJiMTI4Y2MwMzFmNmNkY2Q3MWFmZjI3ZmNhYTM2M2ZlNmU5ZWQwYjQ,MDEwOlJlcG9zaXRvcnk2Mjk2Nzkw,"Release v3.0.0-M3
",v3.0.0-M3,2b128cc031f6cdcd71aff27fcaa363fe6e9ed0b4,"{'date': '2022-05-19T19:57:27.000Z', 'email': 'spring-builds@users.noreply.github.com', 'name': 'Spring Builds', 'user': 'MDQ6VXNlcjExMzQ0NjM='}",
TA_kwDOAGAU1toAKDczNjdiYWUxMmEzODQ0YWUzZjEyN2YyZjc0NWIxNDhlOWVlMWJiZGI,MDEwOlJlcG9zaXRvcnk2Mjk2Nzkw,"Release v3.0.0-M4
",v3.0.0-M4,7367bae12a3844ae3f127f2f745b148e9ee1bbdb,"{'date': '2022-07-21T10:23:15.000Z', 'email': 'spring-builds@users.noreply.github.com', 'name': 'Spring Builds', 'user': 'MDQ6VXNlcjExMzQ0NjM='}",
TA_kwDOAGAU1toAKGQzMTBhMjIwMDM0MDZkZTJkZTk4NGI5NWFkMmUxMTcyZDdkODYwOGE,MDEwOlJlcG9zaXRvcnk2Mjk2Nzkw,"Release v3.0.0-M5
",v3.0.0-M5,d310a22003406de2de984b95ad2e1172d7d8608a,"{'date': '2022-09-22T21:45:48.000Z', 'email': 'spring-builds@users.noreply.github.com', 'name': 'Spring Builds', 'user': 'MDQ6VXNlcjExMzQ0NjM='}",
TA_kwDOAGAU1toAKDA5YjNmMzYwMzZiNTY1ZmNkNjlkMmQwNDMwMmViODIzNGM4MmVhZTU,MDEwOlJlcG9zaXRvcnk2Mjk2Nzkw,"Release v3.0.0-RC1
",v3.0.0-RC1,09b3f36036b565fcd69d2d04302eb8234c82eae5,"{'date': '2022-10-21T03:52:11.000Z', 'email': 'spring-builds@users.noreply.github.com', 'name': 'Spring Builds', 'user': 'MDQ6VXNlcjExMzQ0NjM='}",
TA_kwDOAGAU1toAKGRmMzYxOGIwYWM1MGI5MmExZmUyMjFiZTAxNjE4ZWViYWFiZjZiOTk,MDEwOlJlcG9zaXRvcnk2Mjk2Nzkw,"Release v3.0.0-RC2
",v3.0.0-RC2,df3618b0ac50b92a1fe221be01618eebaabf6b99,"{'date': '2022-11-10T23:29:11.000Z', 'email': 'spring-builds@users.noreply.github.com', 'name': 'Spring Builds', 'user': 'MDQ6VXNlcjExMzQ0NjM='}",
TA_kwDOAGAU1toAKDRlZWQ0MmRhODg1ODRjNzYyOTcwN2Y4YjY3ZmIwMDI1NmY0NjBiMzI,MDEwOlJlcG9zaXRvcnk2Mjk2Nzkw,"Release v3.0.0
",v3.0.0,4eed42da88584c7629707f8b67fb00256f460b32,"{'date': '2022-11-24T16:51:52.000Z', 'email': 'spring-builds@users.noreply.github.com', 'name': 'Spring Builds', 'user': 'MDQ6VXNlcjExMzQ0NjM='}",
TA_kwDOAGAU1toAKDU5MDk2MWJlY2MwY2ZjODY1MGIxYzc5ZGUzY2RjNDRlNTJlZTgzNTM,MDEwOlJlcG9zaXRvcnk2Mjk2Nzkw,"Release v3.0.1
",v3.0.1,590961becc0cfc8650b1c79de3cdc44e52ee8353,"{'date': '2022-12-22T20:55:21.000Z', 'email': 'spring-builds@users.noreply.github.com', 'name': 'Spring Builds', 'user': 'MDQ6VXNlcjExMzQ0NjM='}",
TA_kwDOAGAU1toAKGU0YzJhMTdlOTc4ZTQ1YmI5NWI4ODY4OTc4MGM4MzJmZWRmNGVlMjE,MDEwOlJlcG9zaXRvcnk2Mjk2Nzkw,"Release v3.0.2
",v3.0.2,e4c2a17e978e45bb95b88689780c832fedf4ee21,"{'date': '2023-01-20T00:15:13.000Z', 'email': 'spring-builds@users.noreply.github.com', 'name': 'Spring Builds', 'user': 'MDQ6VXNlcjExMzQ0NjM='}",
TA_kwDOAGAU1toAKGFjMTg4MWY3MTM1M2NhM2EwNWQzOTUyNDk0ZjNhNGNiNDhmNzdhOTc,MDEwOlJlcG9zaXRvcnk2Mjk2Nzkw,"Release v3.0.3
",v3.0.3,ac1881f71353ca3a05d3952494f3a4cb48f77a97,"{'date': '2023-02-23T14:07:36.000Z', 'email': 'spring-builds@users.noreply.github.com', 'name': 'Spring Builds', 'user': 'MDQ6VXNlcjExMzQ0NjM='}",
TA_kwDOAGAU1toAKGRhOGNkNDFjZmViYjgyMTA3M2I2NTM5OGIyYjg5MDYxNGMzMTg3MWQ,MDEwOlJlcG9zaXRvcnk2Mjk2Nzkw,"Release v3.0.4
",v3.0.4,da8cd41cfebb821073b65398b2b890614c31871d,"{'date': '2023-03-03T19:58:43.000Z', 'email': 'spring-builds@users.noreply.github.com', 'name': 'Spring Builds', 'user': 'MDQ6VXNlcjExMzQ0NjM='}",
TA_kwDOAGAU1toAKGUzYzJiNDJlMjFhMjNmMGFmNTZhNjEzMmZjM2Y3MDAyMGVlMzVjMGE,MDEwOlJlcG9zaXRvcnk2Mjk2Nzkw,"Release v3.0.5
",v3.0.5,e3c2b42e21a23f0af56a6132fc3f70020ee35c0a,"{'date': '2023-03-23T10:46:33.000Z', 'email': 'spring-builds@users.noreply.github.com', 'name': 'Spring Builds', 'user': 'MDQ6VXNlcjExMzQ0NjM='}",
TA_kwDOAGAU1toAKDczMDUzYzhhY2Q2YmJhNTRjOWE2MDNhZjgzNDRiY2I1NTkyMzUzZjE,MDEwOlJlcG9zaXRvcnk2Mjk2Nzkw,"Release v3.0.6
",v3.0.6,73053c8acd6bba54c9a603af8344bcb5592353f1,"{'date': '2023-04-20T09:56:34.000Z', 'email': 'spring-builds@users.noreply.github.com', 'name': 'Spring Builds', 'user': 'MDQ6VXNlcjExMzQ0NjM='}",
TA_kwDOAGAU1toAKGQ1N2QwMjFiODczZWFhYzllMDlkYjI3MGE3YzYzMjNjN2I2NTdiMjA,MDEwOlJlcG9zaXRvcnk2Mjk2Nzkw,"Release v3.0.7
",v3.0.7,d57d021b873eaac9e09db270a7c6323c7b657b20,"{'date': '2023-05-18T10:20:29.000Z', 'email': 'spring-builds@users.noreply.github.com', 'name': 'Spring Builds', 'user': 'MDQ6VXNlcjExMzQ0NjM='}",
TA_kwDOAGAU1toAKDA1NWVhYmJjMzUxMWRiMmJlZDcwMTQyZmIxYjllNGQzNGU2NTYwMTk,MDEwOlJlcG9zaXRvcnk2Mjk2Nzkw,"Release v3.0.8
",v3.0.8,055eabbc3511db2bed70142fb1b9e4d34e656019,"{'date': '2023-06-22T10:37:13.000Z', 'email': 'spring-builds@users.noreply.github.com', 'name': 'Spring Builds', 'user': 'MDQ6VXNlcjExMzQ0NjM='}",
TA_kwDOAGAU1toAKGE0MzQ1MGQ0YTQ3NTk4ZDVjNTkyYWJiY2JjZDk5MTI4MWM2NTAzYTY,MDEwOlJlcG9zaXRvcnk2Mjk2Nzkw,"Release v3.0.9
",v3.0.9,a43450d4a47598d5c592abbcbcd991281c6503a6,"{'date': '2023-07-20T09:15:43.000Z', 'email': 'spring-builds@users.noreply.github.com', 'name': 'Spring Builds', 'user': 'MDQ6VXNlcjExMzQ0NjM='}",
TA_kwDOAGAU1toAKGFkZWI4ZGY1YzMwMzVkMTI5YzFjNjBiZjM5Y2ExZGNhNDlkMmM4ODE,MDEwOlJlcG9zaXRvcnk2Mjk2Nzkw,"Release v3.0.10
",v3.0.10,adeb8df5c3035d129c1c60bf39ca1dca49d2c881,"{'date': '2023-08-24T08:26:10.000Z', 'email': 'spring-builds@users.noreply.github.com', 'name': 'Spring Builds', 'user': 'MDQ6VXNlcjExMzQ0NjM='}",
TA_kwDOAGAU1toAKGVkNzcyMTYwZGI1YmIzNWNiYzM3NGRhNDI3ZDJiNWY1ZTk2YzkxNDI,MDEwOlJlcG9zaXRvcnk2Mjk2Nzkw,"Release v3.0.11
",v3.0.11,ed772160db5bb35cbc374da427d2b5f5e96c9142,"{'date': '2023-09-21T08:38:49.000Z', 'email': 'spring-builds@users.noreply.github.com', 'name': 'Spring Builds', 'user': 'MDQ6VXNlcjExMzQ0NjM='}",
TA_kwDOAGAU1toAKDZiOTVjMzc1ODAxYjM1NTU4NWQ0M2MzODliYTcyZDk3M2ExZDVjZTU,MDEwOlJlcG9zaXRvcnk2Mjk2Nzkw,"Release v3.0.12
",v3.0.12,6b95c375801b355585d43c389ba72d973a1d5ce5,"{'date': '2023-10-19T10:05:25.000Z', 'email': 'spring-builds@users.noreply.github.com', 'name': 'Spring Builds', 'user': 'MDQ6VXNlcjExMzQ0NjM='}",
TA_kwDOAGAU1toAKGE0NjRiMWEyMzNhMjFmYjliNTU1NmM3YjQ4ZWNkMTdhMjRkMTdjM2M,MDEwOlJlcG9zaXRvcnk2Mjk2Nzkw,"Release v3.0.13
",v3.0.13,a464b1a233a21fb9b5556c7b48ecd17a24d17c3c,"{'date': '2023-11-23T08:55:15.000Z', 'email': 'spring-builds@users.noreply.github.com', 'name': 'Spring Builds', 'user': 'MDQ6VXNlcjExMzQ0NjM='}",
TA_kwDOAGAU1toAKDhjZjQyNzRmNDhkMzcwYWUzZmRlZjY1M2Q4YTNhZTk3NDI5MDI3ODQ,MDEwOlJlcG9zaXRvcnk2Mjk2Nzkw,"Release v3.1.0-M1
",v3.1.0-M1,8cf4274f48d370ae3fdef653d8a3ae9742902784,"{'date': '2023-02-24T00:01:06.000Z', 'email': 'spring-builds@users.noreply.github.com', 'name': 'Spring Builds', 'user': 'MDQ6VXNlcjExMzQ0NjM='}",
TA_kwDOAGAU1toAKDdlMGQ0MTNhODAzYjE3YzY1NGRhMGY4ODkxNWYyYzUyZDk0OTI1MDY,MDEwOlJlcG9zaXRvcnk2Mjk2Nzkw,"Release v3.1.0-M2
",v3.1.0-M2,7e0d413a803b17c654da0f88915f2c52d9492506,"{'date': '2023-03-24T12:00:02.000Z', 'email': 'spring-builds@users.noreply.github.com', 'name': 'Spring Builds', 'user': 'MDQ6VXNlcjExMzQ0NjM='}",
TA_kwDOAGAU1toAKDY1N2ExYzc2NWY3OGJmYmIwYzg5ZjQxM2Y2OWJjNDU2NjA0N2JmOWY,MDEwOlJlcG9zaXRvcnk2Mjk2Nzkw,"Release v3.1.0-RC1
",v3.1.0-RC1,657a1c765f78bfbb0c89f413f69bc4566047bf9f,"{'date': '2023-04-22T06:39:56.000Z', 'email': 'spring-builds@users.noreply.github.com', 'name': 'Spring Builds', 'user': 'MDQ6VXNlcjExMzQ0NjM='}",
TA_kwDOAGAU1toAKDE1MjE1NjEwNTE2MWU5ZGUzODk0YzM3ZjRmN2QyNTYwNWY0NTdjOTc,MDEwOlJlcG9zaXRvcnk2Mjk2Nzkw,"Release v3.1.0-RC2
",v3.1.0-RC2,152156105161e9de3894c37f4f7d25605f457c97,"{'date': '2023-05-05T05:05:43.000Z', 'email': 'spring-builds@users.noreply.github.com', 'name': 'Spring Builds', 'user': 'MDQ6VXNlcjExMzQ0NjM='}",
TA_kwDOAGAU1toAKDVkYWQ4ODZlM2M0NGZkM2Q4MGM1MDYyYzQ3ZGRlMjBkNzRkMTFmZTA,MDEwOlJlcG9zaXRvcnk2Mjk2Nzkw,"Release v3.1.0
",v3.1.0,5dad886e3c44fd3d80c5062c47dde20d74d11fe0,"{'date': '2023-05-18T22:18:31.000Z', 'email': 'spring-builds@users.noreply.github.com', 'name': 'Spring Builds', 'user': 'MDQ6VXNlcjExMzQ0NjM='}",
TA_kwDOAGAU1toAKDQ3ZTFjODM3OGQzMjE1ZjFkNzM5MTMwOWFhMmEzNTRjYWFiOWJmMGQ,MDEwOlJlcG9zaXRvcnk2Mjk2Nzkw,"Release v3.1.1
",v3.1.1,47e1c8378d3215f1d7391309aa2a354caab9bf0d,"{'date': '2023-06-22T11:54:28.000Z', 'email': 'spring-builds@users.noreply.github.com', 'name': 'Spring Builds', 'user': 'MDQ6VXNlcjExMzQ0NjM='}",
TA_kwDOAGAU1toAKDBmMGZiNDU1MTY4MDcyYWE1NTkyNjRmYmM0ODE5MjE4OWQzOWFjNmM,MDEwOlJlcG9zaXRvcnk2Mjk2Nzkw,"Release v3.1.2
",v3.1.2,0f0fb455168072aa559264fbc48192189d39ac6c,"{'date': '2023-07-20T10:05:25.000Z', 'email': 'spring-builds@users.noreply.github.com', 'name': 'Spring Builds', 'user': 'MDQ6VXNlcjExMzQ0NjM='}",
TA_kwDOAGAU1toAKGM1NDMzNzIzMjA1ZGQ5ZGE2M2E1N2M4MDJlMThhM2ZjOTc3NWJhNGI,MDEwOlJlcG9zaXRvcnk2Mjk2Nzkw,"Release v3.1.3
",v3.1.3,c5433723205dd9da63a57c802e18a3fc9775ba4b,"{'date': '2023-08-24T09:23:35.000Z', 'email': 'spring-builds@users.noreply.github.com', 'name': 'Spring Builds', 'user': 'MDQ6VXNlcjExMzQ0NjM='}",
TA_kwDOAGAU1toAKDJiOTQ0YzkzYmFjOGI3MjgwNGIxMWZjMTMyNDQ0NWVlNDRmYmEwMzM,MDEwOlJlcG9zaXRvcnk2Mjk2Nzkw,"Release v3.1.4
",v3.1.4,2b944c93bac8b72804b11fc1324445ee44fba033,"{'date': '2023-09-21T10:25:55.000Z', 'email': 'spring-builds@users.noreply.github.com', 'name': 'Spring Builds', 'user': 'MDQ6VXNlcjExMzQ0NjM='}",
TA_kwDOAGAU1toAKGQ1OWJmMmMwOGI2NGQ3NTQyYjI4YmNlZmQwYTQ4ZTE2MmExNGNiMjc,MDEwOlJlcG9zaXRvcnk2Mjk2Nzkw,"Release v3.1.5
",v3.1.5,d59bf2c08b64d7542b28bcefd0a48e162a14cb27,"{'date': '2023-10-19T12:08:51.000Z', 'email': 'spring-builds@users.noreply.github.com', 'name': 'Spring Builds', 'user': 'MDQ6VXNlcjExMzQ0NjM='}",
TA_kwDOAGAU1toAKGMxNzNjODhjOWM2YTVlZDM1YThkNWVjOWFjNmMwMGM2MTNmNDc3ZTg,MDEwOlJlcG9zaXRvcnk2Mjk2Nzkw,"Release v3.1.6
",v3.1.6,c173c88c9c6a5ed35a8d5ec9ac6c00c613f477e8,"{'date': '2023-11-23T10:58:41.000Z', 'email': 'spring-builds@users.noreply.github.com', 'name': 'Spring Builds', 'user': 'MDQ6VXNlcjExMzQ0NjM='}",
TA_kwDOAGAU1toAKDM5MGVlMTNiOGM2NmYxMWI4Y2E4OWI0ZTQ0OWY5Mjc2YWJlZTc1NmQ,MDEwOlJlcG9zaXRvcnk2Mjk2Nzkw,"Release v3.1.7
",v3.1.7,390ee13b8c66f11b8ca89b4e449f9276abee756d,"{'date': '2023-12-21T09:37:33.000Z', 'email': 'spring-builds@users.noreply.github.com', 'name': 'Spring Builds', 'user': 'MDQ6VXNlcjExMzQ0NjM='}",
TA_kwDOAGAU1toAKGRkMGM2MmQ5ZTdhOGQxNGM2ZTc1NGRkZjQ0ZGFiOTNiOTFmZjlmNmI,MDEwOlJlcG9zaXRvcnk2Mjk2Nzkw,"Release v3.1.8
",v3.1.8,dd0c62d9e7a8d14c6e754ddf44dab93b91ff9f6b,"{'date': '2024-01-19T05:02:23.000Z', 'email': 'spring-builds@users.noreply.github.com', 'name': 'Spring Builds', 'user': 'MDQ6VXNlcjExMzQ0NjM='}",
TA_kwDOAGAU1toAKDMxYmZiYmFiYzc3OWRkOTZlNGJlZjYwNTk0YWNlMmJkYWJkNGQzMDM,MDEwOlJlcG9zaXRvcnk2Mjk2Nzkw,"Release v3.1.9
",v3.1.9,31bfbbabc779dd96e4bef60594ace2bdabd4d303,"{'date': '2024-02-22T11:03:12.000Z', 'email': 'spring-builds@users.noreply.github.com', 'name': 'Spring Builds', 'user': 'MDQ6VXNlcjExMzQ0NjM='}",
TA_kwDOAGAU1toAKGIzNmY1MzFhYzJkMzBmYWI0YjMwMmI5MWMxMDkzMTk1NjFkZGI2NDU,MDEwOlJlcG9zaXRvcnk2Mjk2Nzkw,"Release v3.1.10
",v3.1.10,b36f531ac2d30fab4b302b91c109319561ddb645,"{'date': '2024-03-21T07:39:52.000Z', 'email': 'spring-builds@users.noreply.github.com', 'name': 'Spring Builds', 'user': 'MDQ6VXNlcjExMzQ0NjM='}",
TA_kwDOAGAU1toAKGFlOTE5MDRmODBkNTQzMzAwZWM0MGE4ZmZhOGFlZWUxYjgxZWMzZjY,MDEwOlJlcG9zaXRvcnk2Mjk2Nzkw,"Release v3.2.0-M1
",v3.2.0-M1,ae91904f80d543300ec40a8ffa8aeee1b81ec3f6,"{'date': '2023-07-20T14:08:29.000Z', 'email': 'spring-builds@users.noreply.github.com', 'name': 'Spring Builds', 'user': 'MDQ6VXNlcjExMzQ0NjM='}",
TA_kwDOAGAU1toAKDBlMmU1OTc0ZWI2YWFlNDYyZDY0NWJhNWQzNjUyYzFkZjU4MDY5OGE,MDEwOlJlcG9zaXRvcnk2Mjk2Nzkw,"Release v3.2.0-M2
",v3.2.0-M2,0e2e5974eb6aae462d645ba5d3652c1df580698a,"{'date': '2023-08-24T12:55:56.000Z', 'email': 'spring-builds@users.noreply.github.com', 'name': 'Spring Builds', 'user': 'MDQ6VXNlcjExMzQ0NjM='}",
TA_kwDOAGAU1toAKDQ0MWNkMTgwZjIyY2IyYWY1OGFkZDhiOTRmZDdiMmY3MGM2MjQ0NmY,MDEwOlJlcG9zaXRvcnk2Mjk2Nzkw,"Release v3.2.0-M3
",v3.2.0-M3,441cd180f22cb2af58add8b94fd7b2f70c62446f,"{'date': '2023-09-21T12:17:15.000Z', 'email': 'spring-builds@users.noreply.github.com', 'name': 'Spring Builds', 'user': 'MDQ6VXNlcjExMzQ0NjM='}",
TA_kwDOAGAU1toAKGRmMWYwZjYzMjg1NWMzOGI5NmM5NjEwYmIzYWE5ZTU0ZTYyNTY5ODU,MDEwOlJlcG9zaXRvcnk2Mjk2Nzkw,"Release v3.2.0-RC1
",v3.2.0-RC1,df1f0f632855c38b96c9610bb3aa9e54e6256985,"{'date': '2023-10-20T12:59:43.000Z', 'email': 'spring-builds@users.noreply.github.com', 'name': 'Spring Builds', 'user': 'MDQ6VXNlcjExMzQ0NjM='}",
TA_kwDOAGAU1toAKDZjNmMwNzYzOGVjMTE1YmU4MDViYmViZWU5M2Y3ZGU2MWNiY2M2ZDI,MDEwOlJlcG9zaXRvcnk2Mjk2Nzkw,"Release v3.2.0-RC2
",v3.2.0-RC2,6c6c07638ec115be805bbebee93f7de61cbcc6d2,"{'date': '2023-11-03T01:02:18.000Z', 'email': 'spring-builds@users.noreply.github.com', 'name': 'Spring Builds', 'user': 'MDQ6VXNlcjExMzQ0NjM='}",
TA_kwDOAGAU1toAKDBlZGI5MzYxOGFkMTY2OGNjNDEwZDI0YzlmMTQ3OGVlMzIyNDA2MjI,MDEwOlJlcG9zaXRvcnk2Mjk2Nzkw,"Release v3.2.0
",v3.2.0,0edb93618ad1668cc410d24c9f1478ee32240622,"{'date': '2023-11-23T13:31:05.000Z', 'email': 'spring-builds@users.noreply.github.com', 'name': 'Spring Builds', 'user': 'MDQ6VXNlcjExMzQ0NjM='}",
TA_kwDOAGAU1toAKGI0NGMyMDM3MmQ0ZmFhODhjYWUyODMzOGM1YzFjMDhkNjQ2MWM3Mjg,MDEwOlJlcG9zaXRvcnk2Mjk2Nzkw,"Release v3.2.1
",v3.2.1,b44c20372d4faa88cae28338c5c1c08d6461c728,"{'date': '2023-12-21T12:00:18.000Z', 'email': 'spring-builds@users.noreply.github.com', 'name': 'Spring Builds', 'user': 'MDQ6VXNlcjExMzQ0NjM='}",
TA_kwDOAGAU1toAKDMzZjU2N2M1OGYzMjA5MDExZjMyNDY5NjIzNzJkODIxNzI3OThmNzg,MDEwOlJlcG9zaXRvcnk2Mjk2Nzkw,"Release v3.2.2
",v3.2.2,33f567c58f3209011f3246962372d82172798f78,"{'date': '2024-01-19T06:25:33.000Z', 'email': 'spring-builds@users.noreply.github.com', 'name': 'Spring Builds', 'user': 'MDQ6VXNlcjExMzQ0NjM='}",
TA_kwDOAGAU1toAKGZhMDNhYWVjM2Q5YjNmYjZhNTQ0Y2M2OWMyNjQ4NWEwZDI4Y2Y1Zjg,MDEwOlJlcG9zaXRvcnk2Mjk2Nzkw,"Release v3.2.3
",v3.2.3,fa03aaec3d9b3fb6a544cc69c26485a0d28cf5f8,"{'date': '2024-02-22T18:24:18.000Z', 'email': 'spring-builds@users.noreply.github.com', 'name': 'Spring Builds', 'user': 'MDQ6VXNlcjExMzQ0NjM='}",
TA_kwDOAGAU1toAKGYyOTZiYTA1ZDE2MzA0YTI5MDkzODg0NTlmZmU3ZDU4YTYxZDI1NzI,MDEwOlJlcG9zaXRvcnk2Mjk2Nzkw,"Release v3.2.4
",v3.2.4,f296ba05d16304a2909388459ffe7d58a61d2572,"{'date': '2024-03-21T10:00:40.000Z', 'email': 'spring-builds@users.noreply.github.com', 'name': 'Spring Builds', 'user': 'MDQ6VXNlcjExMzQ0NjM='}",
TA_kwDOAGAU1toAKDY5YWMzYjkxYzNlZjRjYTM2YjRiNDBmY2EyYTA1MTA2NzQ5MzE5Mzg,MDEwOlJlcG9zaXRvcnk2Mjk2Nzkw,"Release v3.3.0-M1
",v3.3.0-M1,69ac3b91c3ef4ca36b4b40fca2a0510674931938,"{'date': '2024-01-19T16:28:04.000Z', 'email': 'spring-builds@users.noreply.github.com', 'name': 'Spring Builds', 'user': 'MDQ6VXNlcjExMzQ0NjM='}",
TA_kwDOAGAU1toAKGQxMmE4ZTM0NWU5MTZkOWJiODMzMGZlYTNjMDczMmNhMjExNWQ0Mjk,MDEwOlJlcG9zaXRvcnk2Mjk2Nzkw,"Release v3.3.0-M2
",v3.3.0-M2,d12a8e345e916d9bb8330fea3c0732ca2115d429,"{'date': '2024-02-22T22:04:24.000Z', 'email': 'spring-builds@users.noreply.github.com', 'name': 'Spring Builds', 'user': 'MDQ6VXNlcjExMzQ0NjM='}",
